Product Name,Quantity
"""While you Were Out"" Message Book, One Form per Page",8
"#10 Gummed Flap White Envelopes, 100/Box",11
#10 Self-Seal White Envelopes,10
"#10 White Business Envelopes,4 1/8 x 9 1/2",32
"#10- 4 1/8"" x 9 1/2"" Recycled Envelopes",37
"#10- 4 1/8"" x 9 1/2"" Security-Tint Envelopes",21
"#10-4 1/8"" x 9 1/2"" Premium Diagonal Seam Envelopes",13
#6 3/4 Gummed Flap White Envelopes,9
"1.7 Cubic Foot Compact ""Cube"" Office Refrigerators",14
"1/4 Fold Party Design Invitations & White Envelopes, 24 8-1/2"" X 11"" Cards, 25 Env./Pack",7
12 Colored Short Pencils,8
12-1/2 Diameter Round Wall Clock,36
14-7/8 x 11 Blue Bar Computer Printout Paper,10
2300 Heavy-Duty Transfer File Systems by Perma,16
"24 Capacity Maxi Data Binder Racks, Pearl",19
24-Hour Round Wall Clock,27
3-ring staple pack,26
3.6 Cubic Foot Counter Height Office Refrigerator,18
36X48 HARDFLOOR CHAIRMAT,21
"3D Systems Cube Printer, 2nd Generation, Magenta",11
"3D Systems Cube Printer, 2nd Generation, White",3
3M Hangers With Command Adhesive,33
3M Office Air Cleaner,10
3M Organizer Strips,26
3M Polarizing Light Filter Sleeves,14
"3M Polarizing Task Lamp with Clamp Arm, Light Gray",16
3M Replacement Filter for Office Air Cleaner for 20' x 33' Room,14
4009 Highlighters,6
4009 Highlighters by Sanford,44
50 Colored Long Pencils,14
"6"" Cubicle Wall Clock, Black",19
9-3/4 Diameter Round Wall Clock,34
"ACCOHIDE 3-Ring Binder, Blue, 1""",44
ACCOHIDE Binder by Acco,21
APC 7 Outlet Network SurgeArrest Surge Protector,20
ARKON Windshield Dashboard Air Vent Car Mount Holder,14
AT&T 1070 Corded Phone,12
AT&T 1080 Corded phone,18
AT&T 1080 Phone,13
AT&T 17929 Lendline Telephone,35
AT&T 841000 Phone,28
AT&T CL2909,8
AT&T CL82213,17
AT&T CL83451 4-Handset Telephone,10
AT&T EL51110 DECT,3
AT&T SB67148 SynJ,8
AT&T TR1909W,15
Aastra 57i VoIP phone,26
Aastra 6757i CT Wireless VoIP phone,16
Acco 3-Hole Punch,36
Acco 6 Outlet Guardian Basic Surge Suppressor,7
Acco 6 Outlet Guardian Premium Plus Surge Suppressor,31
Acco 6 Outlet Guardian Premium Surge Suppressor,35
Acco 6 Outlet Guardian Standard Surge Suppressor,15
"Acco 7-Outlet Masterpiece Power Center, Wihtout Fax/Phone Line Protection",31
"Acco Banker's Clasps, 5 3/4""-Long",15
"Acco Clips to Go Binder Clips, 24 Clips in Two Sizes",19
Acco D-Ring Binder w/DublLock,31
"Acco Data Flex Cable Posts For Top & Bottom Load Binders, 6"" Capacity",39
Acco Economy Flexible Poly Round Ring Binder,6
Acco Expandable Hanging Binders,11
"Acco Flexible ACCOHIDE Square Ring Data Binder, Dark Blue, 11 1/2"" X 14"" 7/8""",36
"Acco Four Pocket Poly Ring Binder with Label Holder, Smoke, 1""",28
Acco Glide Clips,5
Acco Hanging Data Binders,17
Acco Hot Clips Clips to Go,23
"Acco PRESSTEX Data Binder with Storage Hooks, Dark Blue, 14 7/8"" X 11""",37
"Acco PRESSTEX Data Binder with Storage Hooks, Dark Blue, 9 1/2"" X 11""",23
"Acco PRESSTEX Data Binder with Storage Hooks, Light Blue, 9 1/2"" X 11""",17
Acco Perma 2700 Stacking Storage Drawers,8
Acco Perma 3000 Stacking Storage Drawers,21
Acco Perma 4000 Stacking Storage Drawers,31
"Acco Pressboard Covers with Storage Hooks, 14 7/8"" x 11"", Dark Blue",24
"Acco Pressboard Covers with Storage Hooks, 14 7/8"" x 11"", Executive Red",37
"Acco Pressboard Covers with Storage Hooks, 14 7/8"" x 11"", Light Blue",45
"Acco Pressboard Covers with Storage Hooks, 9 1/2"" x 11"", Executive Red",28
"Acco Recycled 2"" Capacity Laser Printer Hanging Data Binders",10
Acco Side-Punched Conventional Columnar Pads,15
"Acco Six-Outlet Power Strip, 4' Cord Length",41
Acco Smartsocket Color-Coded Six-Outlet AC Adapter Model Surge Protectors,14
"Acco Smartsocket Table Surge Protector, 6 Color-Coded Adapter Outlets",8
Acco Suede Grain Vinyl Round Ring Binder,29
Acco Translucent Poly Ring Binders,31
Accohide Poly Flexible Ring Binders,34
"Acme 10"" Easy Grip Assistive Scissors",26
Acme Box Cutter Scissors,31
"Acme Design Line 8"" Stainless Steel Bent Scissors w/Champagne Handles, 3-1/8"" Cut",7
Acme Design Stainless Steel Bent Scissors,13
Acme Elite Stainless Steel Scissors,12
Acme Forged Steel Scissors with Black Enamel Handles,32
Acme Galleria Hot Forged Steel Scissors with Colored Handles,13
"Acme Hot Forged Carbon Steel Scissors with Nickel-Plated Handles, 3 7/8"" Cut, 8""L",36
Acme Kleen Earth Office Shears,12
Acme Kleencut Forged Steel Scissors,7
Acme Office Executive Series Stainless Steel Trimmers,21
Acme Preferred Stainless Steel Scissors,16
Acme Rosewood Handle Letter Opener,12
Acme Serrated Blade Letter Opener,5
Acme Softgrip Scissors,23
Acme Stainless Steel Office Snips,13
Acme Tagit Stainless Steel Antibacterial Scissors,22
Acme Titanium Bonded Scissors,13
Acme Value Line Scissors,22
Acrylic Self-Standing Desk Frames,37
"Adams ""While You Were Out"" Message Pads",24
"Adams Phone Message Book, 200 Message Capacity, 8 1/16â x 11â",33
"Adams Phone Message Book, Professional, 400 Message Capacity, 5 3/6â x 11â",14
"Adams Telephone Message Book W/Dividers/Space For Phone Numbers, 5 1/4""X8 1/2"", 200/Messages",32
"Adams Telephone Message Book W/Dividers/Space For Phone Numbers, 5 1/4""X8 1/2"", 300/Messages",24
"Adams Telephone Message Book w/Frequently-Called Numbers Space, 400 Messages per Book",28
"Adams Telephone Message Books, 5 1/4â x 11â",15
"Adams Write n' Stick Phone Message Book, 11"" X 5 1/4"", 200 Messages",8
Adjustable Depth Letter/Legal Cart,45
Adjustable Personal File Tote,18
Adtran 1202752G1,18
"Advantus 10-Drawer Portable Organizer, Chrome Metal Frame, Smoke Drawers",18
"Advantus Employee of the Month Certificate Frame, 11 x 13-1/2",28
Advantus Map Pennant Flags and Round Head Tacks,25
Advantus Motivational Note Cards,20
Advantus Panel Wall Acrylic Frame,20
Advantus Panel Wall Certificate Holder - 8.5x11,23
Advantus Plastic Paper Clips,47
Advantus Push Pins,27
"Advantus Push Pins, Aluminum Head",24
Advantus Rolling Drawer Organizers,31
Advantus Rolling Storage Box,27
Advantus SlideClip Paper Clips,15
Advantus T-Pin Paper Clips,16
Airmail Envelopes,19
Akro Stacking Bins,13
Akro-Mils 12-Gallon Tote,13
"Alliance Big Bands Rubber Bands, 12/Pack",15
Alliance Rubber Bands,8
"Alliance Super-Size Bands, Assorted Sizes",27
Alphabetical Labels for Top Tab Filing,37
Aluminum Document Frame,22
Aluminum Screw Posts,41
AmazonBasics 3-Button USB Wired Mouse,14
American Pencil,21
Ames Color-File Green Diamond Border X-ray Mailers,18
Ampad #10 Peel & Seel Holiday Envelopes,12
"Ampad Evidence Wirebond Steno Books, 6"" x 9""",14
"Ampad Gold Fibre Wirebound Steno Books, 6"" x 9"", Gregg Ruled",25
"Ampad Phone Message Book, Recycled, 400 Message Capacity, 5 Â¾â x 11â",20
"Ampad Poly Cover Wirebound Steno Book, 6"" x 9"" Assorted Colors, Gregg Ruled",9
Anderson Hickey Conga Table Tops & Accessories,5
"Angle-D Binders with Locking Rings, Label Holders",42
Angle-D Ring Binders,14
Anker 24W Portable Micro USB Car Charger,8
Anker 36W 4-Port USB Wall Charger Travel Power Adapter for iPhone 5s 5c 5,22
Anker Astro 15000mAh USB Portable Charger,13
Anker Astro Mini 3000mAh Ultra-Compact Portable Charger,9
Anker Ultra-Slim Mini Bluetooth 3.0 Wireless Keyboard,26
Anker Ultrathin Bluetooth Wireless Keyboard Aluminum Cover with Stand ,17
Apple EarPods with Remote and Mic,10
Apple iPhone 5,24
Apple iPhone 5C,15
Apple iPhone 5S,11
Array Memo Cubes,11
"Array Parchment Paper, Assorted Colors",15
Artistic Insta-Plaque,10
Assorted Color Push Pins,21
Astroparche Fine Business Paper,29
"Ativa D5772 2-Line 5.8GHz Digital Expandable Corded/Cordless Phone System with Answering & Caller ID/Call Waiting, Black/Silver",12
Ativa MDM8000 8-Sheet Micro-Cut Shredder,11
Ativa V4110MDD Micro-Cut Shredder,11
"Atlantic Metals Mobile 2-Shelf Bookcases, Custom Colors",3
"Atlantic Metals Mobile 3-Shelf Bookcases, Custom Colors",35
"Atlantic Metals Mobile 4-Shelf Bookcases, Custom Colors",27
"Atlantic Metals Mobile 5-Shelf Bookcases, Custom Colors",26
Avanti 1.7 Cu. Ft. Refrigerator,24
Avanti 4.4 Cu. Ft. Refrigerator,24
Avaya 4621SW VoIP phone,12
Avaya 5410 Digital phone,13
Avaya 5420 Digital phone,12
Avaya IP Phone 1140E VoIP phone,5
"Avery 05222 Permanent Self-Adhesive File Folder Labels for Typewriters, on Rolls, White, 250/Roll",5
"Avery 3 1/2"" Diskette Storage Pages, 10/Pack",27
"Avery 4027 File Folder Labels for Dot Matrix Printers, 5000 Labels per Box, White",43
Avery 473,24
Avery 474,30
Avery 475,18
Avery 476,37
Avery 477,20
Avery 478,18
Avery 479,7
Avery 48,15
Avery 480,24
Avery 481,30
Avery 482,4
Avery 483,19
Avery 484,4
Avery 485,51
Avery 486,24
Avery 487,25
Avery 488,17
Avery 489,16
Avery 49,24
Avery 490,13
Avery 491,12
Avery 492,20
Avery 493,13
Avery 494,23
Avery 495,16
Avery 496,14
Avery 497,8
Avery 498,13
Avery 499,40
Avery 5,2
Avery 50,20
Avery 500,8
Avery 501,22
Avery 502,7
Avery 503,15
Avery 505,28
Avery 506,17
Avery 507,10
Avery 508,19
Avery 509,13
Avery 51,16
Avery 510,7
Avery 511,20
Avery 512,32
Avery 513,22
Avery 514,17
Avery 515,5
Avery 516,15
Avery 517,13
Avery 518,35
Avery 519,18
Avery 52,19
Avery 520,15
"Avery Address/Shipping Labels for Typewriters, 4"" x 2""",28
Avery Arch Ring Binders,40
Avery Binder Labels,8
Avery Binding System Hidden Tab Executive Style Index Sets,26
Avery Durable Binders,50
"Avery Durable Plastic 1"" Binders",34
Avery Durable Poly Binders,33
Avery Durable Slant Ring Binders,19
Avery Durable Slant Ring Binders With Label Holder,36
"Avery Durable Slant Ring Binders, No Labels",36
Avery File Folder Labels,44
"Avery Flip-Chart Easel Binder, Black",17
Avery Fluorescent Highlighter Four-Color Set,24
"Avery Framed View Binder, EZD Ring (Locking), Navy, 1 1/2""",19
Avery Hanging File Binders,26
Avery Heavy-Duty EZD  Binder With Locking Rings,28
Avery Heavy-Duty EZD View Binder with Locking Rings,41
"Avery Hi-Liter Comfort Grip Fluorescent Highlighter, Yellow Ink",4
"Avery Hi-Liter EverBold Pen Style Fluorescent Highlighters, 4/Pack",31
Avery Hi-Liter Fluorescent Desk Style Markers,6
"Avery Hi-Liter GlideStik Fluorescent Highlighter, Yellow Ink",9
Avery Hi-Liter Pen Style Six-Color Fluorescent Set,2
Avery Hi-Liter Smear-Safe Highlighters,24
Avery Hidden Tab Dividers for Binding Systems,24
Avery Hole Reinforcements,32
Avery Legal 4-Ring Binder,16
Avery Metallic Poly Binders,31
Avery Non-Stick Binders,71
Avery Non-Stick Heavy Duty View Round Locking Ring Binders,12
Avery Personal Creations Heavyweight Cards,11
Avery Poly Binder Pockets,34
Avery Premier Heavy-Duty Binder with Round Locking Rings,21
Avery Printable Repositionable Plastic Tabs,16
Avery Recycled Flexi-View Covers for Binding Systems,32
Avery Reinforcements for Hole-Punch Pages,41
Avery Round Ring Poly Binders,17
Avery Self-Adhesive Photo Pockets for Polaroid Photos,41
"Avery Trapezoid Extra Heavy Duty 4"" Binders",15
"Avery Trapezoid Ring Binder, 3"" Capacity, Black, 1040 sheets",22
"Avery Triangle Shaped Sheet Lifters, Black, 2/Pack",25
Avery White Multi-Purpose Labels,20
Avoid Verbal Orders Carbonless Minifold Book,21
BIC Brite Liner Grip Highlighters,17
"BIC Brite Liner Grip Highlighters, Assorted, 5/Pack",29
BIC Brite Liner Highlighters,23
"BIC Brite Liner Highlighters, Chisel Tip",21
BIC Liqua Brite Liner,27
"BOSTON Model 1800 Electric Pencil Sharpeners, Putty/Woodgrain",30
"BOSTON Ranger #55 Pencil Sharpener, Black",27
BPI Conference Tables,26
Bady BDG101FRU Card Printer,14
Bagged Rubber Bands,21
Balt Solid Wood Rectangular Table,11
Balt Solid Wood Round Tables,19
Balt Split Level Computer Training Table,12
Barrel Sharpener,19
"Barricks 18"" x 48"" Non-Folding Utility Table with Bottom Storage Shelf",16
"Barricks Non-Folding Utility Table with Steel Legs, Laminate Tops",2
"Belkin 19"" Center-Weighted Shelf, Gray",16
"Belkin 19"" Vented Equipment Shelf, Black",31
"Belkin 325VA UPS Surge Protector, 6'",13
Belkin 5 Outlet SurgeMaster Power Centers,40
Belkin 6 Outlet Metallic Surge Strip,29
Belkin 7 Outlet SurgeMaster II,16
Belkin 7 Outlet SurgeMaster Surge Protector with Phone Protection,5
Belkin 7-Outlet SurgeMaster Home Series,10
Belkin 8 Outlet Surge Protector,30
Belkin 8 Outlet SurgeMaster II Gold Surge Protector,15
Belkin 8 Outlet SurgeMaster II Gold Surge Protector with Phone Protection,8
Belkin 8-Outlet Premiere SurgeMaster II Surge Protectors,4
Belkin F5C206VTEL 6 Outlet Surge,22
Belkin F8E887 USB Wired Ergonomic Keyboard,21
Belkin F9G930V10-GRY 9 Outlet Surge,16
Belkin F9H710-06 7 Outlet SurgeMaster Surge Protector,29
Belkin F9M820V08 8 Outlet Surge,15
Belkin F9S820V06 8 Outlet Surge,17
Belkin Grip Candy Sheer Case / Cover for iPhone 5 and 5S,8
Belkin OmniView SE Rackmount Kit,7
Belkin Premiere Surge Master II 8-outlet surge protector,26
Belkin QODE FastFit Bluetooth Keyboard,9
"Belkin SportFit Armband For iPhone 5s/5c, Fuchsia",21
Belkin Standard 104 key USB Keyboard,21
Belkin iPhone and iPad Lightning Cable,7
Berol Giant Pencil Sharpener,17
Bestar Classic Bookcase,31
Bevis 36 x 72 Conference Tables,40
Bevis 44 x 96 Conference Tables,20
Bevis Boat-Shaped Conference Table,15
"Bevis Oval Conference Table, Walnut",36
Bevis Rectangular Conference Tables,13
"Bevis Round Bullnose 29"" High Table Top",24
Bevis Round Conference Room Tables and Bases,4
Bevis Round Conference Table Top & Single Column Base,19
"Bevis Round Conference Table Top, X-Base",20
Bevis Steel Folding Chairs,24
"Bevis Traditional Conference Table Top, Plinth Base",9
Binder Clips by OIC,27
Binder Posts,16
Binding Machine Supplies,32
"Binney & Smith Crayola Metallic Colored Pencils, 8-Color Set",20
"Binney & Smith Crayola Metallic Crayons, 16-Color Pack",5
"Binney & Smith inkTank Desk Highlighter, Chisel Tip, Yellow, 12/Box",22
"Binney & Smith inkTank Erasable Desk Highlighter, Chisel Tip, Yellow, 12/Box",8
"Binney & Smith inkTank Erasable Pocket Highlighter, Chisel Tip, Yellow",12
Bionaire 99.97% HEPA Air Cleaner,16
Bionaire Personal Warm Mist Humidifier/Vaporizer,11
Black & Decker Filter for Double Action Dustbuster Cordless Vac BLDV7210,28
"Black Avery Memo-Size 3-Ring Binder, 5 1/2"" x 8 1/2""",16
"Black Print Carbonless 8 1/2"" x 8 1/4"" Rapid Memo Book",11
"Black Print Carbonless Snap-Off Rapid Letter, 8 1/2"" x 7""",19
BlackBerry Q10,27
Blackstonian Pencils,19
Blue Parrot B250XT Professional Grade Wireless BluetoothÂ HeadsetÂ with,21
"Blue String-Tie & Button Interoffice Envelopes, 10 x 13",22
"BlueLounge Milo Smartphone Stand, White/Metallic",12
Bose SoundLink Bluetooth Speaker,18
Boston 1645 Deluxe Heavier-Duty Electric Pencil Sharpener,27
Boston 16701 Slimline Battery Pencil Sharpener,6
Boston 16750 Black Compact Battery Pencil Sharpener,5
Boston 16765 Mini Stand Up Battery Pencil Sharpener,10
Boston 16801 Nautilus Battery Pencil Sharpener,23
Boston 1730 StandUp Electric Pencil Sharpener,8
Boston 1799 Powerhouse Electric Pencil Sharpener,15
"Boston 1827 Commercial Additional Cutter, Drive Gear & Gear Rack for 1606",3
Boston 1900 Electric Pencil Sharpener,1
Boston 19500 Mighty Mite Electric Pencil Sharpener,17
"Boston Electric Pencil Sharpener, Model 1818, Charcoal Black",20
Boston Heavy-Duty Trimline Electric Pencil Sharpeners,25
Boston Home & Office Model 2000 Electric Pencil Sharpeners,13
Boston KS Multi-Size Manual Pencil Sharpener,25
"Boston Model 1800 Electric Pencil Sharpener, Gray",15
"Boston School Pro Electric Pencil Sharpener, 1670",32
BoxOffice By Design Rectangular and Half-Moon Meeting Room Tables,15
"Bravo II Megaboss 12-Amp Hard Body Upright, Replacement Belts, 2 Belts per Pack",29
Bretford CR4500 Series Slim Rectangular Table,29
Bretford CR8500 Series Meeting Room Furniture,21
Bretford Rectangular Conference Table Tops,46
Bretford âJust In Timeâ Height-Adjustable Multi-Task Work Tables,17
"Brites Rubber Bands, 1 1/2 oz. Box",7
Brother DCP1000 Digital 3 in 1 Multifunction Machine,19
"Brother MFC-9340CDW LED All-In-One Printer, Copier Scanner",3
Brown Kraft Recycled Envelopes,15
Bulldog Table or Wall-Mount Pencil Sharpener,13
Bulldog Vacuum Base Pencil Sharpener,31
Bush Advantage Collection Racetrack Conference Table,33
Bush Advantage Collection Round Conference Table,19
"Bush Andora Bookcase, Maple/Graphite Gray Finish",34
"Bush Andora Conference Table, Maple/Graphite Gray Finish",12
"Bush Birmingham Collection Bookcase, Dark Cherry",9
"Bush Cubix Collection Bookcases, Fully Assembled",4
"Bush Cubix Conference Tables, Fully Assembled",19
"Bush Heritage Pine Collection 5-Shelf Bookcase, Albany Pine Finish, *Special Order",34
Bush Mission Pointe Library,6
"Bush Saratoga Collection 5-Shelf Bookcase, Hanover Cherry, *Special Order",1
Bush Somerset Collection Bookcase,12
"Bush Westfield Collection Bookcases, Dark Cherry Finish",14
"Bush Westfield Collection Bookcases, Dark Cherry Finish, Fully Assembled",3
"Bush Westfield Collection Bookcases, Fully Assembled",18
"Bush Westfield Collection Bookcases, Medium Cherry Finish",32
C-Line Cubicle Keepers Polyproplyene Holder With Velcro Backings,31
"C-Line Cubicle Keepers Polyproplyene Holder w/Velcro Back, 8-1/2x11, 25/Bx",13
"C-Line Magnetic Cubicle Keepers, Clear Polypropylene",28
"C-Line Peel & Stick Add-On Filing Pockets, 8-3/4 x 5-1/8, 10/Pack",21
Cameo Buff Policy Envelopes,28
"Canon Color ImageCLASS MF8580Cdw Wireless Laser All-In-One Printer, Copier, Scanner",3
Canon Image Class D660 Copier,7
Canon Imageclass D680 Copier / Fax,16
Canon PC-428 Personal Copier,25
Canon PC1060 Personal Laser Copier,19
Canon PC1080F Personal Copier,11
Canon PC170 Desktop Personal Copier,6
Canon PC940 Copier,15
Canon imageCLASS 2200 Advanced Copier,20
Canon imageCLASS MF7460 Monochrome Digital Laser Multifunction Copier,2
Canvas Sectional Post Binders,28
Cardinal EasyOpen D-Ring Binders,40
"Cardinal HOLDit! Binder Insert Strips,Extra Strips",41
Cardinal Hold-It CD Pocket,12
Cardinal Holdit Business Card Pockets,25
Cardinal Holdit Data Disk Pockets,16
Cardinal Poly Pocket Divider Pockets for Ring Binders,15
"Cardinal Slant-D Ring Binder, Heavy Gauge Vinyl",37
Cardinal Slant-D Ring Binders,17
"Career Cubicle Clock, 8 1/4"", Black",10
"Carina 42""Hx23 3/4""W Media Storage Unit",22
Carina Double Wide Media Storage Towers in Natural & Black,39
Carina Media Storage Towers in Natural & Black,20
"Carina Mini System Audio Rack, Model AR050B",26
Case Logic 2.4GHz Wireless Keyboard,27
Catalog Binders with Expanding Posts,36
Cherry 142-key Programmable Keyboard,4
"Chromcraft 48"" x 96"" Racetrack Double Pedestal Table",22
"Chromcraft Bull-Nose Wood 48"" x 96"" Rectangular Conference Tables",11
Chromcraft Bull-Nose Wood Oval Conference Tables & Bases,27
"Chromcraft Bull-Nose Wood Round Conference Table Top, Wood Base",18
Chromcraft Rectangular Conference Tables,30
Chromcraft Round Conference Tables,61
Cisco 8961 IP Phone Charcoal,3
Cisco 8x8 Inc. 6753i IP Business Phone System,26
Cisco 9971 IP Video Phone Charcoal,16
Cisco CP-7937G Unified IP Conference Station Phone,4
Cisco Desktop Collaboration Experience DX650 IP Video Phone,5
Cisco IP Phone 7961G-GE VoIP phone,15
Cisco IPÂ PhoneÂ 7961G VoIPÂ phoneÂ - Dark gray,12
Cisco SPA 501G IP Phone,3
Cisco SPA 502G IP Phone,21
Cisco SPA112 2 Port Phone Adapter,11
Cisco SPA301,30
Cisco SPA508G,15
Cisco SPA525G2 5-Line IP Phone,8
Cisco SPA525G2 IP Phone - Wireless,26
Cisco Small Business SPA 502G VoIP phone,11
Cisco TelePresence System EX90 Videoconferencing Unit,6
Cisco Unified IP Phone 7945G VoIP phone,26
Clarity 53712,14
Classic Ivory AntiqueÂ TelephoneÂ ZL1810,4
Clear Mylar Reinforcing Strips,29
ClearOne CHATAttach 160 -Â speaker phone,13
ClearOne Communications CHAT 70 OCÂ Speaker Phone,12
ClearSounds CSC500 Amplified Spirit Phone Corded phone,19
Clearsounds A400,11
Col-Erase Pencils with Erasers,7
Color-Coded Legal Exhibit Labels,3
Colored Envelopes,16
Colored Push Pins,15
Coloredge Poster Frame,21
Colorific Watercolor Pencils,11
"Commercial WindTunnel Clean Air Upright Vacuum, Replacement Belts, Filtration Bags",17
Compact Automatic Electric Letter Opener,26
"Companion Letter/Legal File, Black",17
Computer Printout Index Tabs,15
Computer Printout Paper with Letter-Trim Fine Perforations,4
Computer Printout Paper with Letter-Trim Perforations,24
"Computer Room Manger, 14""",22
"Conquest 14 Commercial Heavy-Duty Upright Vacuum, Collection System, Accessory Kit",12
Contemporary Borderless Frame,6
Contemporary Wood/Metal Frame,18
"Contico 72""H Heavy-Duty Storage System",16
"Contract Clock, 14"", Brown",21
Convenience Packs of Business Envelopes,18
Crate-A-Files,18
"Crayola Anti Dust Chalk, 12/Pack",35
Crayola Colored Pencils,40
Cubify CubeX 3D Printer Double Head Print,9
Cubify CubeX 3D Printer Triple Head Print,4
Cush Cases Heavy Duty Rugged Cover Case for Samsung Galaxy S5 - Purple,17
Cyber Acoustics AC-202b Speech Recognition Stereo Headset,11
DAX Black Cherry Wood-Tone Poster Frame,24
"DAX Charcoal/Nickel-Tone Document Frame, 5 x 7",23
DAX Clear Channel Poster Frame,10
"DAX Contemporary Wood Frame with Silver Metal Mat, Desktop, 11 x 14 Size",15
"DAX Copper Panel Document Frame, 5 x 7 Size",18
DAX Cubicle Frames - 8x10,26
"DAX Cubicle Frames, 8-1/2 x 11",17
"DAX Executive Solid Wood Document Frame, Desktop or Hang, Mahogany, 5 x 7",17
"DAX Metal Frame, Desktop, Stepped-Edge",11
DAX Natural Wood-Tone Poster Frame,23
DAX Solid Wood Frames,13
"DAX Two-Tone Rosewood/Black Document Frame, Desktop, 5 x 7",25
DAX Two-Tone Silver Metal Document Frame,13
"DAX Value U-Channel Document Frames, Easel Back",36
DAX Wood Document Frame,40
DAX Wood Document Frame.,16
DIXON Oriole Pencils,19
DIXON Ticonderoga Erasable Checking Pencils,20
DMI Arturo Collection Mission-style Design Wood Chair,37
DMI Eclipse Executive Suite Bookcases,27
DXL Angle-View Binders with Locking Rings by Samsill,35
"DXL Angle-View Binders with Locking Rings, Black",26
DYMO CardScan Personal V9 Business Card Scanner,11
"Dana Fluorescent Magnifying Lamp, White, 36""",14
Dana Halogen Swing-Arm Architect Lamp,28
Dana Swing-Arm Lamps,15
"DataProducts Ampli Magnifier Task Lamp, Black,",21
Dax Clear Box Frame,14
Decoflex Hanging Personal Folder File,3
"Decoflex Hanging Personal Folder File, Blue",35
Deflect-O Glasstique Clear Desk Accessories,17
Deflect-o DuraMat Antistatic Studded Beveled Mat for Medium Pile Carpeting,18
"Deflect-o DuraMat Lighweight, Studded, Beveled Mat for Low Pile Carpeting",17
"Deflect-o EconoMat Nonstudded, No Bevel Mat",14
"Deflect-o EconoMat Studded, No Bevel Mat for Low Pile Carpeting",33
Deflect-o Glass Clear Studded Chair Mats,26
"Deflect-o RollaMat Studded, Beveled Mat for Medium Pile Carpeting",26
"Deflect-o SuperTray Unbreakable Stackable Tray, Letter, Black",18
Dell Slim USB Multimedia Keyboard,5
Deluxe Chalkboard Eraser Cleaner,17
Deluxe Heavy-Duty Vinyl Round Ring Binder,33
Deluxe Rollaway Locking File with Drawer,14
Design Ebony Sketching Pencil,11
Desktop 3-Pocket Hot File,5
Dexim XPower Skin Super-Thin Power Case for iPhone 5 - Black,11
Digium D40 VoIP phone,27
Disposable Triple-Filter Dust Bags,10
"Dixon My First Ticonderoga Pencil, #2",19
"Dixon Prang Watercolor Pencils, 10-Color Set with Brush",27
Dixon Ticonderoga Core-Lock Colored Pencils,28
"Dixon Ticonderoga Core-Lock Colored Pencils, 48-Color Set",13
"Dixon Ticonderoga Erasable Colored Pencil Set, 12-Color",14
"Dixon Ticonderoga Maple Cedar Pencil, #2",8
Dixon Ticonderoga Pencils,13
Document Clip Frames,6
"Dot Matrix Printer Tape Reel Labels, White, 5000/Box",36
"Dual Level, Single-Width Filing Carts",43
Durable Pressboard Binders,11
Easy-staple paper,150
"Eaton Premium Continuous-Feed Paper, 25% Cotton, Letter Size, White, 1000 Shts/Box",21
"Eberhard Faber 3 1/2"" Golf Pencils",20
EcoTones Memo Sheets,15
Economy #2 Pencils,13
Economy Binders,19
Economy Rollaway Files,20
"Eldon ""L"" Workstation Diamond Chairmat",19
Eldon 100 Class Desk Accessories,18
Eldon 200 Class Desk Accessories,22
"Eldon 200 Class Desk Accessories, Black",12
"Eldon 200 Class Desk Accessories, Burgundy",25
"Eldon 200 Class Desk Accessories, Smoke",22
"Eldon 300 Class Desk Accessories, Black",6
"Eldon 400 Class Desk Accessories, Black Carbon",22
Eldon 500 Class Desk Accessories,17
Eldon Advantage Chair Mats for Low to Medium Pile Carpets,13
Eldon Advantage Foldable Chair Mats for Low Pile Carpets,10
Eldon Antistatic Chair Mats for Low to Medium Pile Carpets,14
"Eldon Base for stackable storage shelf, platinum",25
Eldon Cleatmat Chair Mats for Medium Pile Carpets,8
Eldon Cleatmat Plus Chair Mats for High Pile Carpets,20
Eldon ClusterMat Chair Mat with Cordless Antistatic Protection,18
"Eldon Delta Triangular Chair Mat, 52"" x 58"", Clear",17
Eldon Econocleat Chair Mats for Low Pile Carpets,8
Eldon Executive Woodline II Cherry Finish Desk Accessories,6
"Eldon Executive Woodline II Desk Accessories, Mahogany",17
"Eldon Expressions Desk Accessory, Wood Pencil Holder, Oak",15
"Eldon Expressions Desk Accessory, Wood Photo Frame, Mahogany",20
Eldon Expressions Mahogany Wood Desk Collection,15
"Eldon Expressions Punched Metal & Wood Desk Accessories, Black & Cherry",20
"Eldon Expressions Punched Metal & Wood Desk Accessories, Pewter & Cherry",13
"Eldon Expressions Wood Desk Accessories, Oak",33
"Eldon Expressions Wood and Plastic Desk Accessories, Cherry Wood",23
"Eldon Expressions Wood and Plastic Desk Accessories, Oak",15
Eldon File Chest Portable File,5
Eldon Fold 'N Roll Cart System,24
Eldon Gobal File Keepers,24
Eldon Image Series Black Desk Accessories,12
"Eldon Image Series Desk Accessories, Burgundy",31
"Eldon Image Series Desk Accessories, Ebony",18
"Eldon ImÃ ge Series Desk Accessories, Clear",17
Eldon Jumbo ProFile Portable File Boxes Graphite/Black,3
Eldon Mobile Mega Data Cart  Mega Stackable  Add-On Trays,30
Eldon Pizzaz Desk Accessories,19
Eldon Portable Mobile Manager,34
Eldon ProFile File 'N Store Portable File Tub Letter/Legal Size Black,35
Eldon Radial Chair Mat for Low to Medium Pile Carpets,20
"Eldon Regeneration Recycled Desk Accessories, Black",9
"Eldon Regeneration Recycled Desk Accessories, Smoke",21
Eldon Shelf Savers Cubes and Bins,45
Eldon Simplefile Box Office,30
"Eldon Spacemaker Box, Quick-Snap Lid, Clear",18
"Eldon Stackable Tray, Side-Load, Legal, Smoke",17
Eldon Wave Desk Accessories,61
Electrix 20W Halogen Replacement Bulb for Zoom-In Desk Lamp,13
"Electrix Architect's Clamp-On Swing Arm Lamp, Black",33
Electrix Fluorescent Magnifier Lamps & Weighted Base,11
Electrix Halogen Magnifier Lamp,17
"Electrix Incandescent Magnifying Lamp, Black",5
"Elite 5"" Scissors",24
Embossed Ink Jet Note Cards,15
Enermax Acrylux Wireless Keyboard,29
Enermax Aurora Lite Keyboard,21
Enermax Briskie RF Wireless Keyboard and Mouse Combo,24
Epson Perfection V600 Photo Scanner,3
Epson TM-T88V Direct Thermal Printer - Monochrome - Desktop,10
"Epson WorkForce WF-2530 All-in-One Printer, Copier Scanner",4
Eureka Disposable Bags for Sanitaire Vibra Groomer I Upright Vac,2
"Eureka Hand Vacuum, Bagless",4
"Eureka Recycled Copy Paper 8 1/2"" x 11"", Ream",19
Eureka Sanitaire  Commercial Upright,12
"Eureka Sanitaire  Multi-Pro Heavy-Duty Upright, Disposable Bags",22
Eureka The Boss Cordless Rechargeable Stick Vac,19
"Eureka The Boss Lite 10-Amp Upright Vacuum, Blue",13
"Eureka The Boss Plus 12-Amp Hard Box Upright Vacuum, Red",20
Euro Pro Shark Stick Mini Vacuum,11
Euro-Pro Shark Turbo Vacuum,24
"Executive Impressions 10"" Spectator Wall Clock",22
"Executive Impressions 12"" Wall Clock",14
"Executive Impressions 13"" Chairman Wall Clock",11
"Executive Impressions 13"" Clairmont Wall Clock",20
"Executive Impressions 13-1/2"" Indoor/Outdoor Wall Clock",3
"Executive Impressions 14""",17
"Executive Impressions 14"" Contract Wall Clock",17
"Executive Impressions 14"" Contract Wall Clock with Quartz Movement",8
"Executive Impressions 14"" Two-Color Numerals Wall Clock",16
"Executive Impressions 16-1/2"" Circular Wall Clock",4
"Executive Impressions 8-1/2"" Career Panel/Partition Cubicle Clock",7
Executive Impressions Supervisor Wall Clock,21
Faber Castell Col-Erase Pencils,8
Fashion Color Clasp Envelopes,15
Fellowes 8 Outlet Superior Workstation Surge Protector,20
Fellowes 8 Outlet Superior Workstation Surge Protector w/o Phone/Fax/Modem Protection,25
Fellowes Advanced 8 Outlet Surge Suppressor with Phone/Fax Protection,10
Fellowes Advanced Computer Series Surge Protectors,15
Fellowes Bankers Box Recycled Super Stor/Drawer,24
Fellowes Bankers Box Staxonsteel Drawer File/Stacking System,43
Fellowes Bankers Box Stor/Drawer Steel Plus,50
Fellowes Bases and Tops For Staxonsteel/High-Stak Systems,26
Fellowes Basic Home/Office Series Surge Protectors,41
Fellowes Binding Cases,31
Fellowes Black Plastic Comb Bindings,34
Fellowes Command Center 5-outlet power strip,15
Fellowes Desktop Hanging File Manager,15
Fellowes Econo/Stor Drawers,7
Fellowes High-Stak Drawer Files,26
Fellowes Mighty 8 Compact Surge Protector,19
"Fellowes Mobile File Cart, Black",40
Fellowes Neat Ideas Storage Cubes,16
Fellowes Officeware Wire Shelving,55
Fellowes PB200 Plastic Comb Binding Machine,38
Fellowes PB300 Plastic Comb Binding Machine,27
Fellowes PB500 Electric Punch Plastic Comb Binding Machine with Manual Bind,31
"Fellowes Personal Hanging Folder Files, Navy",24
Fellowes Powershred HS-440 4-Sheet High Security Shredder,17
"Fellowes Premier Superior Surge Suppressor, 10-Outlet, With Phone and Remote",21
Fellowes Presentation Covers for Comb Binding Machines,14
Fellowes Recycled Storage Drawers,12
"Fellowes Smart Surge Ten-Outlet Protector, Platinum",3
Fellowes Staxonsteel Drawer Files,26
Fellowes Stor/Drawer Steel Plus Storage Drawers,37
"Fellowes Strictly Business Drawer File, Letter/Legal Size",33
Fellowes Super Stor/Drawer,18
Fellowes Super Stor/Drawer Files,27
Fellowes Superior 10 Outlet Split Surge Protector,30
"Fellowes Twister Kit, Gray/Clear, 3/pkg",42
File Shuttle I and Handi-File,13
"File Shuttle II and Handi-File, Black",34
First Data FD10 PIN Pad,24
First Data TMFD35 PIN Pad,4
"Fiskars 8"" Scissors, 2/Pack",14
Fiskars Home & Office Scissors,11
Fiskars Softgrip Scissors,28
Fiskars Spring-Action Scissors,6
Flat Face Poster Frame,51
Flexible Leather- Look Classic Collection Ring Binder,13
"Floodlight Indoor Halogen Bulbs, 1 Bulb per Pack, 60 Watts",24
Fluorescent Highlighters by Dixon,26
G.E. Halogen Desk Lamp Bulbs,11
G.E. Longer-Life Indoor Recessed Floodlight Bulbs,16
GBC Binding covers,11
"GBC Clear Cover, 8-1/2 x 11, unpunched, 25 covers per pack",15
GBC DocuBind 200 Manual Binding Machine,15
GBC DocuBind 300 Electric Binding Machine,23
GBC DocuBind P100 Manual Binding Machine,27
GBC DocuBind P400 Electric Binding System,27
GBC DocuBind P50 Personal Binding Machine,50
GBC DocuBind TL200 Manual Binding Machine,23
GBC DocuBind TL300 Electric Binding System,37
GBC Durable Plastic Covers,34
GBC Ibimaster 500 Manual ProClick Binding System,48
GBC Imprintable Covers,36
GBC Instant Index System for Binding Systems,19
GBC Instant Report Kit,50
"GBC Laser Imprintable Binding System Covers, Desert Sand",17
GBC Linen Binding Covers,18
GBC Personal VeloBind Strips,27
GBC Plastic Binding Combs,30
GBC Plasticlear Binding Covers,23
GBC Poly Designer Binding Covers,18
"GBC Pre-Punched Binding Paper, Plastic, White, 8-1/2"" x 11""",31
GBC Premium Transparent Covers with Diagonal Lined Pattern,67
"GBC Prepunched Paper, 19-Hole, for Binding Systems, 24-lb",38
GBC Prestige Therm-A-Bind Covers,39
GBC ProClick 150 Presentation Binding System,22
GBC ProClick Punch Binding System,31
GBC ProClick Spines for 32-Hole Punch,12
GBC Recycled Grain Textured Covers,20
GBC Recycled Regency Composition Covers,26
GBC Recycled VeloBinder Covers,42
GBC Standard Plastic Binding Systems Combs,13
GBC Standard Plastic Binding Systems' Combs,30
"GBC Standard Recycled Report Covers, Clear Plastic Sheets",51
GBC Standard Therm-A-Bind Covers,34
GBC Therma-A-Bind 250T Electric Binding System,12
GBC Twin Loop Wire Binding Elements,47
"GBC Twin Loop Wire Binding Elements, 9/16"" Spine, Black",35
GBC VeloBind Cover Sets,42
GBC VeloBinder Electric Binding Machine,15
GBC VeloBinder Manual Binding System,30
GBC VeloBinder Strips,20
"GBC Velobind Prepunched Cover Sets, Regency Series",33
"GBC White Gloss Covers, Plain Front",31
GBC Wire Binding Combs,26
GBC Wire Binding Strips,14
GE 2-Jack Phone Line Splitter,11
GE 30522EE2,10
GE 30524EE4,32
"GE 4 Foot Flourescent Tube, 40 Watt",7
"GE 48"" Fluorescent Tube, Cool White Energy Saver, 34 Watts, 30/Box",29
GE DSL Phone Line Filter,15
"GE General Purpose, Extra Long Life, Showcase & Floodlight Incandescent Bulbs",20
"GE General Use Halogen Bulbs, 100 Watts, 1 Bulb per Pack",15
Gear Head AU3700S Headset,16
Geemarc AmpliPOWER60,46
"Geographics Note Cards, Blank, White, 8 1/2"" x 11""",8
"Global Adaptabilites Bookcase, Cherry/Storm Gray Finish",8
Global Adaptabilities Conference Tables,14
"Global Airflow Leather Mesh Back Chair, Black",32
"Global Armless Task Chair, Royal Blue",28
Global Chrome Stack Chair,32
Global Comet Stacking Arm Chair,17
Global Comet Stacking Armless Chair,14
Global Commerce Series High-Back Swivel/Tilt Chairs,33
Global Commerce Series Low-Back Swivel/Tilt Chairs,24
Global Deluxe High-Back Manager's Chair,35
Global Deluxe High-Back Office Chair in Storm,10
Global Deluxe Office Fabric Chairs,17
"Global Deluxe Stacking Chair, Gray",19
Global Deluxe Steno Chair,29
Global Enterprise Series Seating High-Back Swivel/Tilt Chairs,10
Global Enterprise Series Seating Low-Back Swivel/Tilt Chairs,1
Global Ergonomic Managers Chair,39
Global Executive Mid-Back Manager's Chair,18
"Global Fabric Manager's Chair, Dark Gray",35
"Global Geo Office Task Chair, Gray",25
"Global High-Back Leather Tilter, Burgundy",54
Global Highback Leather Tilter in Burgundy,34
Global Italian Leather Office Chair,8
"Global Leather & Oak Executive Chair, Burgundy",13
Global Leather Executive Chair,21
"Global Leather Highback Executive Chair with Pneumatic Height Adjustment, Black",39
"Global Leather Task Chair, Black",19
"Global Leather and Oak Executive Chair, Black",26
Global Low Back Tilter Chair,21
"Global Manager's Adjustable Task Chair, Storm",23
"Global Push Button Manager's Chair, Indigo",44
"Global Stack Chair with Arms, Black",31
"Global Stack Chair without Arms, Black",44
Global Super Steno Chair,30
"Global Task Chair, Black",12
Global Troy Executive Leather Low-Back Tilter,32
"Global Value Mid-Back Manager's Chair, Gray",39
"Global Value Steno Chair, Gray",43
"Global Wood Trimmed Manager's Task Chair, Khaki",59
Globe Weis Peel & Seel First Class Envelopes,30
Google Nexus 5,23
"Gould Plastics 18-Pocket Panel Bin, 34w x 5-1/4d x 20-1/2h",28
"Gould Plastics 9-Pocket Panel Bin, 18-3/8w x 5-1/4d x 20-1/2h, Black",20
Grandstream GXP1160 VoIP phone,24
Grandstream GXP2100 Mainstream Business Phone,10
Great White Multi-Use Recycled Paper (20Lb. and 84 Bright),32
Green Bar Computer Printout Paper,17
"Green Canvas Binder for 8-1/2"" x 14"" Sheets",19
Griffin GC17055 Auxiliary Audio Cable,27
Griffin GC36547 PowerJolt SE Lightning Charger,10
Grip Seal Envelopes,2
GuestStacker Chair with Chrome Finish Legs,31
HON 5400 Series Task Chairs for Big and Tall,39
"HP Designjet T520 Inkjet Large Format Printer - 24"" Color",12
HP Office Paper (20Lb. and 87 Bright),14
HP Office Recycled Paper (20Lb. and 87 Bright),19
"HP Officejet Pro 8600 e-All-In-One Printer, Copier, Scanner, Fax",4
HP Standard 104 key PS/2 Keyboard,20
HTC One,14
HTC One Mini,19
Hammermill Color Copier Paper (28Lb. and 96 Bright),3
Hammermill CopyPlus Copy Paper (20Lb. and 84 Bright),7
Hand-Finished Solid Wood Document Frame,8
Hanging Personal Folder File,17
Harbour Creations 67200 Series Stacking Chairs,24
Harbour Creations Steel Folding Chair,34
Harmony Air Purifier,13
Harmony HEPA Quiet Air Purifiers,12
Heavy-Duty E-Z-D Binders,29
Hewlett Packard 310 Color Digital Copier,16
Hewlett Packard 610 Color Digital Copier / Printer,21
Hewlett Packard LaserJet 3310 Copier,38
Hewlett-Packard 300S Scientific Calculator,10
Hewlett-Packard Deskjet 3050a All-in-One Color Inkjet Printer,8
Hewlett-Packard Deskjet 5550 Printer,3
Hewlett-Packard Deskjet 6540 Color Inkjet Printer,6
Hewlett-Packard Deskjet D4360 Printer,4
Hewlett-Packard Deskjet F4180 All-in-One Color Ink-jet - Printer / copier / scanner,2
Hewlett-Packard Desktjet 6988DT Refurbished Printer,5
High Speed Automatic Electric Letter Opener,11
High-Back Leather Manager's Chair,42
Holmes 99% HEPA Air Purifier,17
"Holmes Cool Mist Humidifier for the Whole House with 8-Gallon Output per Day, Extended Life Filter",9
Holmes HEPA Air Purifier,14
Holmes Harmony HEPA Air Purifier for 17 x 20 Room,3
Holmes Odor Grabber,30
"Holmes Replacement Filter for HEPA Air Cleaner, Large Room",12
"Holmes Replacement Filter for HEPA Air Cleaner, Medium Room",18
"Holmes Replacement Filter for HEPA Air Cleaner, Very Large Room, HEPA Filter",26
"Holmes Visible Mist Ultrasonic Humidifier with 2.3-Gallon Output per Day, Replacement Filter",5
Home/Office Personal File Carts,30
Hon 2090 âPillow Softâ Series Mid Back Swivel/Tilt Chairs,24
Hon 2111 Invitation Series Corner Table,18
Hon 2111 Invitation Series Straight Table,18
"Hon 30"" x 60"" Table with Locking Drawer",6
Hon 4-Shelf Metal Bookcases,22
Hon 4060 Series Tables,13
Hon 4070 Series Pagoda Armless Upholstered Stacking Chairs,34
Hon 4070 Series Pagoda Round Back Stacking Chairs,21
Hon 4700 Series Mobuis Mid-Back Task Chairs with Adjustable Arms,24
Hon 5100 Series Wood Tables,26
Hon 61000 Series Interactive Training Tables,22
Hon 94000 Series Round Tables,30
Hon Comfortask Task/Swivel Chairs,18
Hon Deluxe Fabric Upholstered Stacking Chairs,15
"Hon Deluxe Fabric Upholstered Stacking Chairs, Rounded Back",51
"Hon Deluxe Fabric Upholstered Stacking Chairs, Squared Back",7
Hon Every-Day Chair Series Swivel Task Chairs,10
Hon Every-Day Series Multi-Task Chairs,43
Hon GuestStacker Chair,34
"Hon Metal Bookcases, Black",30
"Hon Metal Bookcases, Gray",12
"Hon Metal Bookcases, Putty",19
Hon Mobius Operator's Chair,23
Hon Multipurpose Stacking Arm Chairs,36
Hon Non-Folding Utility Tables,29
Hon Olson Stacker Chairs,22
Hon Olson Stacker Stools,44
Hon Pagoda Stacking Chairs,22
"Hon Practical Foundations 30 x 60 Training Table, Light Gray/Charcoal",22
Hon Racetrack Conference Tables,22
Hon Rectangular Conference Tables,20
Hon Valutask Swivel Chairs,13
Honeywell Enviracaire Portable Air Cleaner for up to 8 x 10 Room,9
Honeywell Enviracaire Portable HEPA Air Cleaner for 16' x 20' Room,14
Honeywell Enviracaire Portable HEPA Air Cleaner for 17' x 22' Room,40
Honeywell Enviracaire Portable HEPA Air Cleaner for up to 10 x 16 Room,12
Honeywell Quietcare HEPA Air Cleaner,23
Hoover Commercial Lightweight Upright Vacuum,8
Hoover Commercial Lightweight Upright Vacuum with E-Z Empty Dirt Cup,6
Hoover Commercial Soft Guard Upright Vacuum And Disposable Filtration Bags,18
Hoover Commercial SteamVac,14
Hoover Portapower Portable Vacuum,18
Hoover Replacement Belt for Commercial Guardsman Heavy-Duty Upright Vacuum,6
"Hoover Replacement Belts For Soft Guard & Commercial Ltweight Upright Vacs, 2/Pk",18
Hoover Shoulder Vac Commercial Portable Vacuum,16
Hoover Upright Vacuum With Dirt Cup,31
Hoover WindTunnel Plus Canister Vacuum,9
"Hot File 7-Pocket, Floor Stand",49
"Howard Miller 11-1/2"" Diameter Brentwood Wall Clock",17
"Howard Miller 11-1/2"" Diameter Grantwood Wall Clock",14
"Howard Miller 11-1/2"" Diameter Ridgewood Wall Clock",24
"Howard Miller 12"" Round Wall Clock",14
Howard Miller 12-3/4 Diameter Accuwave DS  Wall Clock,14
"Howard Miller 13"" Diameter Goldtone Round Wall Clock",27
"Howard Miller 13"" Diameter Pewter Finish Round Wall Clock",27
"Howard Miller 13-1/2"" Diameter Rosebrook Wall Clock",17
"Howard Miller 13-3/4"" Diameter Brushed Chrome Round Wall Clock",31
"Howard Miller 14-1/2"" Diameter Chrome Round Wall Clock",29
"Howard Miller 16"" Diameter Gallery Wall Clock",12
Howard Miller Distant Time Traveler Alarm Clock,21
"Hunt BOSTON Model 1606 High-Volume Electric Pencil Sharpener, Beige",8
"Hunt BOSTON Vista Battery-Operated Pencil Sharpener, Black",8
Hunt Boston Vacuum Mount KS Pencil Sharpener,20
"Hunt PowerHouse Electric Pencil Sharpener, Blue",44
Hypercom P1300 Pinpad,21
I Need's 3d Hello Kitty Hybrid Silicone Case Cover for HTC One X 4g with 3d Hello Kitty Stylus Pen Green/pink,52
I.R.I.S IRISCard Anywhere 5 Card Scanner,3
"IBM Multi-Purpose Copy Paper, 8 1/2 x 11"", Case",16
Ibico Covers for Plastic or Wire Binding Elements,20
Ibico EB-19 Dual Function Manual Binding System,23
Ibico EPK-21 Electric Binding System,13
Ibico Hi-Tech Manual Binding System,34
Ibico Ibimaster 300 Manual Binding System,28
Ibico Laser Imprintable Binding System Covers,34
Ibico Plastic Spiral Binding Combs,47
Ibico Plastic and Wire Spiral Binding Combs,41
Ibico Presentation Index for Binding Systems,27
Ibico Recycled Grain-Textured Covers,8
Ibico Recycled Linen-Style Covers,24
Ibico Standard Transparent Covers,34
Iceberg Mobile Mega Data/Printer Cart ,49
"Iceberg Nesting Folding Chair, 19w x 6d x 43h",31
"Iceberg OfficeWorks 42"" Round Tables",30
Ideal Clamps,33
Imation Bio 2GB USBÂ Flash Drive ImationÂ Corp,16
Imation Bio 8GB USBÂ Flash Drive ImationÂ Corp,16
ImationÂ 16GB Mini TravelDrive USB 2.0Â Flash Drive,34
ImationÂ 30456 USBÂ Flash DriveÂ 8GB,23
ImationÂ 32GB Pocket Pro USB 3.0Â Flash DriveÂ - 32 GB - Black - 1 P ...,18
ImationÂ 8GB Mini TravelDrive USB 2.0Â Flash Drive,13
ImationÂ 8gb Micro Traveldrive Usb 2.0Â Flash Drive,25
ImationÂ Clip USBÂ flash driveÂ - 8 GB,25
ImationÂ Secure+ Hardware Encrypted USB 2.0Â Flash Drive; 16GB,32
ImationÂ SecureÂ DriveÂ + Hardware Encrypted USBÂ flash driveÂ - 16 GB,24
ImationÂ SwivelÂ Flash DriveÂ USBÂ flash driveÂ - 8 GB,5
ImationÂ USB 2.0 SwivelÂ Flash DriveÂ USBÂ flash driveÂ - 4 GB - Pink,14
"Important Message Pads, 50 4-1/4 x 5-1/2 Forms per Pad",15
"Ink Jet Note and Greeting Cards, 8-1/2"" x 5-1/2"" Card Size",6
Innergie mMini Combo Duo USB Travel Charging Kit,19
Insertable Tab Indexes For Data Binders,13
Insertable Tab Post Binder Dividers,25
"Inter-Office Recycled Envelopes, Brown Kraft, Button-String,10"" x 13"" , 100/Box",10
"Iris 3-Drawer Stacking Bin, Black",16
Iris Project Case,30
"It's Hot Message Books with Stickers, 2 3/4"" x 5""",25
JBL Micro Wireless Portable Bluetooth Speaker,17
JM Magazine Binder,18
Jabra BIZ 2300 Duo QD Duo CordedÂ Headset,17
Jabra SPEAK 410,37
Jabra SPEAK 410 Multidevice Speakerphone,13
Jabra Supreme Plus Driver EditionÂ Headset,22
Jackery Bar Premium Fast-charging Portable Charger,18
Jawbone JAMBOX Wireless Bluetooth Speaker,14
Jawbone MINI JAMBOX Wireless Bluetooth Speaker,18
Jensen SMPS-640 -Â speaker phone,12
Jet-Pak Recycled Peel 'N' Seal Padded Mailers,19
Jiffy Padded Mailers with Self-Seal Closure,2
KI Adjustable-Height Table,74
KI Conference Tables,44
KLD Oscar II Style Snap-on Ultra Thin Side Flip Synthetic Leather Cover Case for HTC One HTC M7,13
Kensington 4 Outlet MasterPiece Compact Power Control Center,36
Kensington 6 Outlet Guardian Standard Surge Protector,20
Kensington 6 Outlet MasterPiece HOMEOFFICE Power Control Center,9
Kensington 6 Outlet SmartSocket Surge Protector,6
Kensington 7 Outlet MasterPiece HOMEOFFICE Power Control Center,21
Kensington 7 Outlet MasterPiece Power Center,21
Kensington 7 Outlet MasterPiece Power Center with Fax/Phone Line Protection,8
Kensington Expert Mouse Optical USB Trackball for PC or Mac,20
Kensington K72356US Mouse-in-a-Box USB Desktop Mouse,20
Kensington Orbit Wireless Mobile Trackball for PC and Mac,33
Kensington SlimBlade Notebook Wireless Mouse with Nano Receiver ,13
KeyTronicÂ 6101 Series -Â KeyboardÂ - Black,10
KeyTronicÂ E03601U1 -Â KeyboardÂ - Beige,18
KeyTronicÂ KT400U2 -Â KeyboardÂ - Black,15
KeyTronicÂ KT800P2 -Â KeyboardÂ - Black,6
Kingston Digital DataTraveler 16GB USB 2.0,57
Kingston Digital DataTraveler 32GB USB 2.0,22
Kingston Digital DataTraveler 64GB USB 2.0,6
Kingston Digital DataTraveler 8GB USB 2.0,9
Kleencut Forged Office Shears by Acme United Corporation,5
Konftel 250 ConferenceÂ phoneÂ - Charcoal black,9
Konica Minolta magicolor 1690MF Multifunction Printer,8
"LF Elite 3D Dazzle Designer Hard Case Cover, Lf Stylus Pen and Wiper For Apple Iphone 5c Mini Lite",28
LG Electronics Tone+ HBS-730 Bluetooth Headset,18
LG Exalt,12
LG G2,5
LG G3,10
Laminate Occasional Tables,18
Large Capacity Hanging Post Binders,22
Laser & Ink Jet Business Envelopes,20
"Leather Task Chair, Black",19
Lenovo 17-Key USB Numeric Keypad,13
"Lesro Round Back Collection Coffee Table, End Table",20
"Lesro Sheffield Collection Coffee Table, End Table, Center Table, Corner Table",39
Letter Size Cart,33
Letter Size File,10
Letter Slitter,4
Letter or Legal Size Expandable Poly String Tie Envelopes,16
"Letter/Legal File Tote with Clear Snap-On Lid, Black Granite",14
Lexmark 20R1285 X6650 Wireless All-in-One Printer,6
Lexmark MX611dhe Monochrome Laser Printer,18
Lexmark MarkNet N8150 Wireless Print Server,6
Lexmark S315 Color Inkjet Printer,5
Lexmark X 9575 Professional All-in-One Color Printer,4
"Lifetime Advantage Folding Chairs, 4/Carton",27
"Linden 10"" Round Wall Clock, Black",21
"Linden 12"" Wall Clock With Oak Frame",3
Lock-Up Easel 'Spel-Binder',44
Logitech 910-002974 M325 Wireless Mouse for Web Scrolling,52
"Logitech B530 USBÂ HeadsetÂ -Â headsetÂ - Full size, Binaural",25
Logitech ClearChat Comfort/USB Headset H390,19
Logitech Desktop MK120 Mouse and keyboard Combo,50
Logitech G105 Gaming Keyboard,14
Logitech G13 Programmable Gameboard with LCD Display,14
Logitech G19 Programmable Gaming Keyboard,36
Logitech G35 7.1-Channel Surround Sound Headset,17
Logitech G430 Surround Sound Gaming Headset with Dolby 7.1 Technology,17
Logitech G500s Laser Gaming Mouse with Adjustable Weight Tuning,21
Logitech G600 MMO Gaming Mouse,21
Logitech G602 Wireless Gaming Mouse,29
Logitech G700s Rechargeable Gaming Mouse,25
Logitech Illuminated Ultrathin Keyboard with Backlighting,3
Logitech K350 2.4Ghz Wireless Keyboard,25
Logitech Keyboard K120,12
Logitech M510 Wireless Mouse,7
Logitech Media Keyboard K200,16
Logitech Mobile Speakerphone P710e -Â speaker phone,17
Logitech Trackman Marble Mouse,28
Logitech Wireless Anywhere Mouse MX for PC and Mac,11
Logitech Wireless Gaming Headset G930,21
Logitech Wireless Headset H600 Over-The-Head Design,10
Logitech Wireless Headset h800,32
Logitech Wireless Marathon Mouse M705,30
Logitech Wireless Performance Mouse MX for PC and Mac,21
Logitech Wireless Touch Keyboard K400,15
Logitech diNovo Edge Keyboard,31
LogitechÂ Gaming G510s - Keyboard,31
LogitechÂ Illuminated - Keyboard,20
LogitechÂ LS21 Speaker System - PC Multimedia - 2.1-CH - Wired,11
LogitechÂ MX Performance Wireless Mouse,23
LogitechÂ P710e Mobile Speakerphone,41
LogitechÂ VX Revolution Cordless Laser Mouse for Notebooks (Black),22
"LogitechÂ Wireless Boombox Speaker - portable - wireless, wired",4
LogitechÂ Z-906 Speaker sys - home theater - 5.1-CH,17
Longer-Life Soft White Bulbs,44
Loose Memo Sheets,5
Lumber Crayons,19
Lunatik TT5L-002 Taktik Strike Impact Protection System for iPhone 5,6
Luxo Adjustable Task Clamp Lamp,18
Luxo Economy Swing Arm Lamp,17
Luxo Professional Combination Clamp-On Lamps,13
Luxo Professional Fluorescent Magnifier Lamp with Clamp-Mount Base,23
Luxo Professional Magnifying Clamp-On Fluorescent Lamps,13
Macally Suction Cup Mount,26
Magna Visual Magnetic Picture Hangers,19
Magnifier Swing Arm Lamp,12
Manco Dry-Lighter Erasable Highlighter,30
"Manila Recycled Extra-Heavyweight Clasp Envelopes, 6"" x 9""",13
Martin Yale Chadless Opener Electric Letter Opener,22
Martin-Yale Premier Letter Opener,20
"Master Big Foot Doorstop, Beige",30
"Master Caster Door Stop, Brown",38
"Master Caster Door Stop, Gray",10
"Master Caster Door Stop, Large Brown",10
"Master Caster Door Stop, Large Neon Orange",27
"Master Giant Foot Doorstop, Safety Yellow",12
Maxell 4.7GB DVD+R 5/Pack,13
Maxell 4.7GB DVD+RW 3/Pack,17
Maxell 4.7GB DVD-R,49
Maxell 4.7GB DVD-R 5/Pack,21
Maxell 4.7GB DVD-RW 3/Pack,10
"Maxell 74 Minute CD-R Spindle, 50/Pack",24
"Maxell 74 Minute CDR, 10/Pack",26
Maxell CD-R Discs,9
Maxell DVD-RAM Discs,18
"Maxell Pro 80 Minute CD-R, 10/Pack",24
MaxellÂ LTO Ultrium - 800 GB,41
MaxellÂ iVDR EX 500GB Cartridge,10
"Mead 1st Gear 2"" Zipper Binder, Asst. Colors",9
Mediabridge Sport Armband iPhone 5s,30
"Memo Book, 100 Message Capacity, 5 3/8â x 11â",12
"Memorex 25GB 6X Branded Blu-Ray Recordable Disc, 15/Pack",26
"Memorex 25GB 6X Branded Blu-Ray Recordable Disc, 30/Pack",17
Memorex Froggy Flash Drive 4 GB,14
Memorex Froggy Flash Drive 8 GB,32
Memorex Micro Travel Drive 16 GB,39
Memorex Micro Travel Drive 32 GB,12
Memorex Micro Travel Drive 4 GB,11
Memorex Micro Travel Drive 8 GB,26
Memorex Mini Travel Drive 16 GB USB 2.0 Flash Drive,45
Memorex Mini Travel Drive 32 GB USB 2.0 Flash Drive,14
Memorex Mini Travel Drive 4 GB USB 2.0 Flash Drive,2
Memorex Mini Travel Drive 64 GB USB 2.0 Flash Drive,15
Memorex Mini Travel Drive 8 GB USB 2.0 Flash Drive,20
"Message Book, Phone, Wirebound Standard Line Memo, 2 3/4"" X 5""",19
"Message Book, Standard Line ""While You Were Out"", 5 1/2"" X 4"", 200 Sets/Book",6
"Message Book, Wirebound, Four 5 1/2"" X 4"" Forms/Pg., 200 Dupl. Sets/Book",18
"Metal Folding Chairs, Beige, 4/Carton",23
Micro Innovations USB RF Wireless Keyboard with Mouse,18
Micro Innovations Wireless Classic Keyboard with Mouse,4
Micropad Numeric Keypads,15
Microsoft Arc Touch Mouse,7
Microsoft Natural Ergonomic Keyboard 4000,19
Microsoft Natural Keyboard Elite,29
Microsoft Sculpt Comfort Mouse,42
Microsoft Wireless Mobile Mouse 4000,15
"Mini 13-1/2 Capacity Data Binder Rack, Pearl",12
Mitel 5320 IP Phone VoIP phone,14
Mitel MiVoice 5330e IP Phone,34
Mobile Personal File Cube,21
Model L Table or Wall-Mount Pencil Sharpener,24
Mophie Juice Pack Helium for iPhone,24
Motorla HX550 Universal Bluetooth Headset,15
Motorola Droid Maxx,21
Motorola HK250 Universal Bluetooth Headset,41
Motorola L703CM,32
Motorola L804,19
Motorola Moto X,6
"Multi-Use Personal File Cart and Caster Set, Three Stacking Bins",11
Multicolor Computer Printout Paper,19
Multimedia Mailers,2
NETGEAR AC1750 Dual Band GigabitÂ Smart WiFi Router,18
NETGEAR N750 Dual Band Wi-Fi Gigabit Router,22
NETGEAR RangeMax WNR1000 Wireless Router,3
"Neat Ideas Personal Hanging Folder Files, Black",22
NeatDesk Desktop Scanner & Digital Filing System,2
Newell 3-Hole Punched Plastic Slotted Magazine Holders for Binders,20
Newell 307,12
Newell 308,5
Newell 309,20
Newell 31,24
Newell 310,25
Newell 311,30
Newell 312,49
Newell 313,10
Newell 314,24
Newell 315,25
Newell 316,11
Newell 317,32
Newell 318,23
Newell 319,28
Newell 32,17
Newell 320,23
Newell 321,22
Newell 322,18
Newell 323,14
Newell 324,23
Newell 325,34
Newell 326,23
Newell 327,18
Newell 328,13
Newell 329,8
Newell 33,10
Newell 330,11
Newell 331,17
Newell 332,24
Newell 333,33
Newell 334,27
Newell 335,12
Newell 336,18
Newell 337,4
Newell 338,8
Newell 339,10
Newell 34,25
Newell 340,9
Newell 341,23
Newell 342,3
Newell 343,24
Newell 344,18
Newell 345,26
Newell 346,11
Newell 347,32
Newell 348,24
Newell 349,14
Newell 35,30
Newell 350,20
Newell 351,26
Newell Chalk Holder,21
Nokia Lumia 1020,4
Nokia Lumia 521 (T-Mobile),20
Nokia Lumia 925,11
Nontoxic Chalk,27
Nortel Business Series Terminal T7208 Digital phone,9
Nortel Meridian M3904 Professional Digital phone,32
Nortel Meridian M5316 Digital phone,13
Nortel Networks T7316 E Nt8 B27,29
Novimex Fabric Task Chair,39
Novimex High-Tech Fabric Mesh Task Chair,16
Novimex Swivel Fabric Task Chair,25
Novimex Turbo Task Chair,22
Nu-Dell EZ-Mount Plastic Wall Frames,8
Nu-Dell Executive Frame,39
Nu-Dell Float Frame 11 x 14 1/2,22
Nu-Dell Leatherette Frames,18
Nu-Dell Oak Frame,16
O'Sullivan 2-Door Barrister Bookcase in Odessa Pine,31
O'Sullivan 2-Shelf Heavy-Duty Bookcases,21
O'Sullivan 3-Shelf Heavy-Duty Bookcases,22
O'Sullivan 4-Shelf Bookcase in Odessa Pine,37
O'Sullivan 5-Shelf Heavy-Duty Bookcases,9
O'Sullivan Cherrywood Estates Traditional Barrister Bookcase,9
O'Sullivan Cherrywood Estates Traditional Bookcase,6
"O'Sullivan Elevations Bookcase, Cherry Finish",18
O'Sullivan Living Dimensions 2-Shelf Bookcases,28
O'Sullivan Living Dimensions 3-Shelf Bookcases,17
O'Sullivan Living Dimensions 5-Shelf Bookcases,21
O'Sullivan Manor Hill 2-Door Library in Brianna Oak,12
O'Sullivan Plantations 2-Door Library in Landvery Oak,22
"OIC #2 Pencils, Medium Soft",17
OIC Binder Clips,38
"OIC Binder Clips, Mini, 1/4"" Capacity, Black",13
OIC Bulk Pack Metal Binder Clips,30
"OIC Colored Binder Clips, Assorted Sizes",44
OIC Stacking Trays,30
OIC Thumb-Tacks,13
"Office Impressions End Table, 20-1/2""H x 24""W x 20""D",23
Office Impressions Heavy Duty Welded Shelving & Multimedia Storage Drawers,20
Office Star - Contemporary Swivel Chair with Padded Adjustable Arms and Flex Back,32
Office Star - Contemporary Task Swivel Chair,20
"Office Star - Contemporary Task Swivel chair with 2-way adjustable arms, Plum",7
"Office Star - Contemporary Task Swivel chair with Loop Arms, Charcoal",35
Office Star - Ergonomic Mid Back Chair with 2-Way Adjustable Arms,13
Office Star - Ergonomically Designed Knee Chair,19
Office Star - Mesh Screen back chair with Vinyl seat,20
Office Star - Mid Back Dual function Ergonomic High Back Chair with 2-Way Adjustable Arms,31
Office Star - Professional Matrix Back Chair with 2-to-1 Synchro Tilt and Mesh Fabric Seat,28
Office Star - Task Chair with Contemporary Loop Arms,8
Office Star Flex Back Scooter Chair with Aluminum Finish Frame,20
Office Star Flex Back Scooter Chair with White Frame,21
Okidata B400 Printer,3
Okidata B401 Printer,3
Okidata C331dn Printer,12
Okidata C610n Printer,5
Okidata MB491 Multifunction Printer,9
Okidata MB760 Printer,7
Ooma Telo VoIP Home Phone System,18
OtterBox Commuter Series Case - Samsung Galaxy S4,18
OtterBox Commuter Series Case - iPhone 5 & 5s,16
OtterBox Defender Series Case - Samsung Galaxy S4,27
OtterBox Defender Series Case - iPhone 5c,5
PNY Rapid USB Car Charger - Black,2
"Padded Folding Chairs, Black, 4/Carton",30
Panasonic BusinessÂ TelephonesÂ KX-T7736,3
Panasonic KP-150 Electric Pencil Sharpener,16
Panasonic KP-310 Heavy-Duty Electric Pencil Sharpener,9
Panasonic KP-350BK Electric Pencil Sharpener with Auto Stop,4
Panasonic KP-380BK Classic Electric Pencil Sharpener,22
Panasonic KP-4ABK Battery-Operated Pencil Sharpener,16
Panasonic KX - TS880B Telephone,11
Panasonic KX MB2061 Multifunction Printer,10
Panasonic KX MC6040 Color Laser Multifunction Printer,5
Panasonic KX T7731-B Digital phone,8
Panasonic KX T7736-B Digital phone,10
Panasonic KX TS208W Corded phone,32
Panasonic KX TS3282B Corded phone,9
Panasonic KX TS3282W Corded phone,25
Panasonic KX-TG6844B Expandable Digital Cordless Telephone,22
Panasonic KX-TG9471B,27
Panasonic KX-TG9541B DECT 6.0 Digital 2-Line Expandable Cordless Phone With Digital Answering System,25
Panasonic Kx-TS550,23
Park Ridge Embossed Executive Business Envelopes,4
Pastel Pink Envelopes,9
PayAnywhere Card Reader,25
Peel & Seel Envelopes,18
"Peel & Seel Recycled Catalog Envelopes, Brown",26
Peel & Stick Add-On Corner Pockets,30
Peel-Off China Markers,31
Pencil and Crayon Sharpener,16
Penpower WorldCard Pro Card Scanner,1
"Performers Binder/Pad Holder, Black",36
"Perixx PERIBOARD-512B, Ergonomic Split Keyboard",12
"Perma STOR-ALL Hanging File Box, 13 1/8""W x 12 1/4""D x 10 1/2""H",33
Permanent Self-Adhesive File Folder Labels for Typewriters by Universal,18
"Permanent Self-Adhesive File Folder Labels for Typewriters, 1 1/8 x 3 1/2, White",29
Personal Creations Ink Jet Cards and Labels,28
Personal File Boxes with Fold-Down Carry Handle,12
"Personal Filing Tote with Lid, Black/Gray",31
"Personal Folder Holder, Ebony",14
Petty Cash Envelope,10
Pizazz Global Quick File,24
Plantronics 81402,15
Plantronics Audio 478 Stereo USB Headset,34
Plantronics Audio 995 Wireless Stereo Headset,18
"Plantronics CS 50-USB -Â headsetÂ - Convertible, Monaural",13
Plantronics CS510 - Over-the-Head monaural Wireless Headset System,35
Plantronics Calisto P620-M USB Wireless Speakerphone System,14
Plantronics CordlessÂ Phone HeadsetÂ with In-line Volume - M214C,27
Plantronics Encore H101 Dual EarpiecesÂ Headset,18
Plantronics HL10 Handset Lifter,24
Plantronics MX500i Earset,15
Plantronics S12 Corded Telephone Headset System,23
Plantronics Savi W720 Multi-Device Wireless Headset System,24
Plantronics Single Ear Headset,5
Plantronics Voyager Pro HD - Bluetooth Headset,25
Plantronics Voyager Pro Legend,8
Plastic Binding Combs,23
Plastic Stacking Crates & Casters,8
Plymouth Boxed Rubber Bands by Plymouth,18
Poly Designer Cover & Back,35
Poly String Tie Envelopes,35
Polycom CX300 Desktop Phone USB VoIP phone,15
Polycom CX600 IP Phone VoIP phone,17
Polycom SoundPoint IP 450 VoIP phone,22
Polycom SoundPoint Pro SE-225 Corded phone,19
Polycom SoundStation2 EX ConferenceÂ phone,12
Polycom VVX 310 VoIP phone,40
Polycom VoiceStation 500 ConferenceÂ phone,15
Portable Personal File Box,19
Portfile Personal File Boxes,7
"Post-it âImportant Messageâ Note Pad, Neon Colors, 50 Sheets/Pad",9
PowerGen Dual USB Car Charger,14
Prang Colored Pencils,32
Prang Drawing Pencil Set,39
Prang Dustless Chalk Sticks,24
Premier Automatic Letter Opener,14
Premier Electric Letter Opener,24
"Premier Elliptical Ring Binder, Black",46
Premium Transparent Presentation Covers by GBC,43
"Premium Transparent Presentation Covers, No Pattern/Clear, 8 1/2"" x 11""",29
"Premium Writing Pencils, Soft, #2 by Central Association for the Blind",29
"Pressboard Covers with Storage Hooks, 9 1/2"" x 11"", Light Blue",44
"Pressboard Data Binder, Crimson, 12"" X 8 1/2""",9
Pressboard Data Binders by Wilson Jones,27
Pressboard Hanging Data Binders for Unburst Sheets,48
Presstex Flexible Ring Binders,30
Prestige Round Ring Binders,21
Prismacolor Color Pencil Set,24
Project Tote Personal File,15
PureGear Roll-On Screen Protector,34
Pyle PMP37LED,43
Pyle PRT45 Retro HomeÂ Telephone,4
QVS USB Car Charger 2-Port 2.1Amp for iPod/iPhone/iPad/iPad 2/iPad 3,13
Quality Park Security Envelopes,11
"Quartet Alpha White Chalk, 12/Pack",8
"Quartet Omega Colored Chalk, 12/Pack",15
RCA H5401RE1 DECT 6.0 4-Line Cordless Handset With Caller ID/Call Waiting,3
RCA ViSYS 25423RE1 Corded phone,2
RCA ViSYS 25425RE1 Corded phone,3
RCA ViSYS 25825 Wireless digital phone,7
RCA Visys Integrated PBX 8-Line Router,19
"REDIFORM Incoming/Outgoing Call Register, 11"" X 8 1/2"", 100 Messages",37
"RSVP Cards & Envelopes, Blank White, 8-1/2"" X 11"", 24 Cards/25 Envelopes/Set",19
Razer Kraken 7.1 Surround Sound Over Ear USB Gaming Headset,29
Razer Kraken PRO Over Ear PC and Music Headset,30
Razer Tiamat Over Ear 7.1 Surround Sound PC Gaming Headset,26
"Recycled Data-Pak for Archival Bound Computer Printouts, 12-1/2 x 12-1/2 x 16",20
"Recycled Desk Saver Line ""While You Were Out"" Book, 5 1/2"" X 4""",30
Recycled Easel Ring Binders,35
Recycled Eldon Regeneration Jumbo File,20
"Recycled Interoffice Envelopes with Re-Use-A-Seal Closure, 10 x 13",5
"Recycled Interoffice Envelopes with String and Button Closure, 10 x 13",12
Recycled Premium Regency Composition Covers,9
Recycled Pressboard Report Cover with Reinforced Top Hinge,34
Recycled Steel Personal File for Hanging File Folders,21
Recycled Steel Personal File for Standard File Folders,20
"Redi-Strip #10 Envelopes, 4 1/8 x 9 1/2",35
"Rediform S.O.S. 1-Up Phone Message Bk, 4-1/4x3-1/16 Bk, 1 Form/Pg, 40 Messages/Bk, 3/Pk",21
Rediform S.O.S. Phone Message Books,4
Rediform Voice Mail Log Books,11
"Rediform Wirebound ""Phone Memo"" Message Book, 11 x 5-3/4",17
Regeneration Desk Collection,21
Revere Boxed Rubber Bands by Revere,29
Ricoh - Ink Collector Unit for GX3000 Series Printers,14
Riverleaf Stik-Withit Designer Note Cubes,15
"Riverside Furniture Oval Coffee Table, Oval End Table, End Table with Drawer",25
Riverside Furniture Stanwyck Manor Table Series,5
"Riverside Palais Royal Lawyers Bookcase, Royale Cherry Finish",24
Rogers Deluxe File Chest,22
Rogers Handheld Barrel Pencil Sharpener,30
"Rogers Jumbo File, Granite",24
Rogers Profile Extra Capacity Storage Tub,32
Rosewill 107 Normal Keys USB Wired Standard Keyboard,9
Round Ring Binders,28
Round Specialty Laser Printer Labels,39
Rubber Band Ball,16
"Rubbermaid ClusterMat Chairmats, Mat Size- 66"" x 60"", Lip 20"" x 11"" -90 Degree Angle",24
"Rush Hierlooms Collection 1"" Thick Stackable Bookcases",15
Rush Hierlooms Collection Rich Wood Bookcases,4
SAFCO Arco Folding Chair,53
SAFCO Boltless Steel Shelving,46
"SAFCO Commercial Wire Shelving, 72h",24
"SAFCO Commercial Wire Shelving, Black",35
SAFCO Folding Chair Trolley,6
"SAFCO Mobile Desk Side File, Wire Frame",31
SAFCO Optional Arm Kit for Workspace Cribbage Stacking Chair,12
"SAFCO PlanMaster Boards, 60w x 37-1/2d, White Melamine",26
"SAFCO PlanMaster Heigh-Adjustable Drafting Table Base, 43w x 30d x 30-37h, Black",14
SANFORD Liquid Accent Tank-Style Highlighters,5
SANFORD Major Accent Highlighters,30
"SKILCRAFT Telephone Shoulder Rest, 2"" x 6.5"" x 2.5"", Black",8
Sabrent 4-Port USB 2.0 Hub,15
"Safco Chair Connectors, 6/Carton",26
Safco Commercial Shelving,11
Safco Contoured Stacking Chairs,27
Safco Drafting Table,12
Safco Industrial Shelving,13
Safco Industrial Wire Shelving,16
Safco Industrial Wire Shelving System,30
Safco Steel Mobile File Cart,9
"Safco Value Mate Series Steel Bookcases, Baked Enamel Finish on Steel, Gray",17
"Safco Value Mate Steel Bookcase, Baked Enamel Finish on Steel, Black",14
"Safco Wire Cube Shelving System, For Use as 4 or 5 14"" Cubes, Black",13
Samsung Convoy 3,9
Samsung Galaxy Mega 6.3,39
Samsung Galaxy Note 2,14
Samsung Galaxy Note 3,13
Samsung Galaxy S III - 16GB - pebble blue (T-Mobile),28
Samsung Galaxy S4,13
Samsung Galaxy S4 Active,8
Samsung Galaxy S4 Mini,15
Samsung HM1900 Bluetooth Headset,27
Samsung Replacement EH64AVFWE Premium Headset,21
Samsung Rugby III,24
SanDisk Cruzer 16 GB USB Flash Drive,10
SanDisk Cruzer 32 GB USB Flash Drive,20
SanDisk Cruzer 4 GB USB Flash Drive,5
SanDisk Cruzer 64 GB USB Flash Drive,34
SanDisk Cruzer 8 GB USB Flash Drive,4
SanDisk Ultra 16 GB MicroSDHC Class 10 Memory Card,31
SanDisk Ultra 32 GB MicroSDHC Class 10 Memory Card,44
SanDisk Ultra 64 GB MicroSDHC Class 10 Memory Card,25
Sanford 52201 APSCO Electric Pencil Sharpener,14
"Sanford Colorific Colored Pencils, 12/Box",26
"Sanford Colorific Eraseable Coloring Pencils, 12 Count",15
"Sanford Colorific Scented Colored Pencils, 12/Pack",11
"Sanford EarthWrite Recycled Pencils, Medium Soft, #2",14
Sanford Liquid Accent Highlighters,24
Sanford Pocket Accent Highlighters,14
"Sanford Prismacolor Professional Thick Lead Art Pencils, 36-Color Set",7
"Sanford Uni-Blazer View Highlighters, Chisel Tip, Yellow",14
"Sanitaire Vibra Groomer IR Commercial Upright Vacuum, Replacement Belts",5
Sannysis Cute Owl Design Soft Skin Case Cover for Samsung Galaxy S4,8
Sanyo 2.5 Cubic Foot Mid-Size Office Refrigerators,17
"Sanyo Counter Height Refrigerator with Crisper, 3.6 Cubic Foot, Stainless Steel/Black",18
Satellite Sectional Post Binders,38
Sauder Barrister Bookcases,16
"Sauder Camden County Barrister Bookcase, Planked Cherry Finish",10
"Sauder Camden County Collection Libraries, Planked Cherry Finish",19
Sauder Camden County Collection Library,16
Sauder Cornerstone Collection Library,14
"Sauder Facets Collection Library, Sky Alder Finish",10
"Sauder Facets Collection Locker/File Cabinet, Sky Alder Finish",5
"Sauder Forest Hills Library with Doors, Woodland Oak Finish",10
"Sauder Forest Hills Library, Woodland Oak Finish",15
Sauder Inglewood Library Bookcases,14
"Sauder Mission Library with Doors, Fruitwood Finish",10
Security-Tint Envelopes,23
Seidio BD2-HK3IPH5-BK DILEX Case and Holster Combo for Apple iPhone 5/5s - Black,11
Self-Adhesive Address Labels for Typewriters by Universal,23
Self-Adhesive Address Labels for Typewriters with Dispenser Box,9
Self-Adhesive Removable Labels,35
Self-Adhesive Ring Binder Labels,11
Sensible Storage WireTech Storage Systems,38
Serrated Blade or Curved Handle Hand Letter Openers,9
"Seth Thomas 12"" Clock w/ Goldtone Case",17
"Seth Thomas 13 1/2"" Wall Clock",20
"Seth Thomas 14"" Day/Date Wall Clock",17
"Seth Thomas 14"" Putty-Colored Wall Clock",13
"Seth Thomas 16"" Steel Case Clock",19
"Seth Thomas 8 1/2"" Cubicle Clock",11
Sharp 1540cs Digital Laser Copier,10
Sharp AL-1530CS Digital Copier,17
Shocksock Galaxy S4 Armband,7
ShoreTel ShorePhone IP 230 VoIP phone,21
"SimpliFile Personal File, Black Granite, 15w x 6-15/16d x 11-1/4h",32
"Situations Contoured Folding Chairs, 4/Set",64
"SlimView Poly Binder, 3/8""",40
"SmartStand Mobile Device Holder, Assorted Colors",13
Smead Adjustable Mobile File Trolley with Lockable Top,12
Smead Alpha-Z Color-Coded Name Labels First Letter Starter Set,20
Smead Alpha-Z Color-Coded Second Alphabetical Labels and Starter Set,16
"Snap-A-Way Black Print Carbonless Ruled Speed Letter, Triplicate",28
"Snap-A-Way Black Print Carbonless Speed Message, No Reply Area, Duplicate",4
Socket Bluetooth Cordless Hand Scanner (CHS),3
Sony 16GB Class 10 Micro SDHC R40 Memory Card,16
Sony 32GB Class 10 Micro SDHC R40 Memory Card,12
Sony 64GB Class 10 Micro SDHC R40 Memory Card,27
Sony 8GB Class 10 Micro SDHC R40 Memory Card,3
Sony Micro Vault Click 16 GB USB 2.0 Flash Drive,29
Sony Micro Vault Click 4 GB USB 2.0 Flash Drive,18
Sony Micro Vault Click 8 GB USB 2.0 Flash Drive,13
"Sortfiler Multipurpose Personal File Organizer, Black",24
Southworth 100% Cotton The Best Paper,15
"Southworth 100% RÃ©sumÃ© Paper, 24lb.",35
Southworth 25% Cotton Antique Laid Paper & Envelopes,26
Southworth 25% Cotton Granite Paper & Envelopes,7
Southworth 25% Cotton Linen-Finish Paper & Envelopes,20
Southworth 25% Cotton Premium Laser Paper and Envelopes,28
Southworth Parchment Paper & Envelopes,15
Southworth Structures Collection,10
Space Solutions Commercial Steel Shelving,33
Space Solutions HD Industrial Steel Shelving.,27
Space Solutions Industrial Galvanized Steel Shelving.,7
Speck Products Candyshell Flip Case,8
"Speediset Carbonless Redi-Letter 7"" x 8 1/2""",19
Spigen Samsung Galaxy S5 Case Wallet,15
SpineVue Locking Slant-D Ring Binders by Cardinal,22
Spiral Phone Message Books with Labels by Adams,15
Square Credit Card Reader,22
"Square Credit Card Reader, 4 1/2"" x 4 1/2"" x 1"", White",27
"Square Ring Data Binders, Rigid 75 Pt. Covers, 11"" x 14-7/8""",22
Stackable Trays,23
"Stacking Tray, Side-Loading, Legal, Smoke",16
Stacking Trays by OIC,19
Standard Line âWhile You Were Outâ Hardbound Telephone Message Book,11
Standard Rollaway File with Lock,40
Stanley Bostitch Contemporary Electric Pencil Sharpeners,19
Stanley Contemporary Battery Pencil Sharpeners,24
Staple envelope,170
Staple holder,52
Staple magnet,33
Staple remover,61
Staple-based wall hangings,62
Staple-on labels,21
Staples,215
Staples in misc. colors,86
Star Micronics TSP100 TSP143LAN Receipt Printer,4
Star Micronics TSP800 TSP847IIU Receipt Printer,4
StarTech.com 10/100 VDSL2 Ethernet Extender Kit,13
Steel Personal Filing/Posting Tote,29
Sterilite Officeware Hinged File Box,35
Sterilite Show Offs Storage Containers,16
Sterling Rubber Bands by Alliance,5
Stiletto Hand Letter Openers,17
Stockwell Gold Paper Clips,5
Stockwell Push Pins,34
Storex Dura Pro Binders,71
Storex DuraTech Recycled Plastic Frosted Binders,39
Storex Flexible Poly Binders with Double Pockets,9
"Strathmore #10 Envelopes, Ultimate White",12
Strathmore Photo Frame Cards,16
Strathmore Photo Mount Cards,38
"Stride Job 150 Highlighters, Chisel Tip, Assorted Colors",3
"Stur-D-Stor Shelving, Vertical 5-Shelf: 72""H x 36""W x 18 1/2""D",23
"Super Bands, 12/Pack",20
Super Decoflex Portable Personal File,13
Surelock Post Binders,29
Swingline SM12-08 MicroCut Jam Free Shredder,13
"TOPS ""Important Message"" Pads, Canary, 4-1/4 x 5-1/2, 50 Sheets per Pad",17
"TOPS 4 x 6 Fluorescent Color Memo Sheets, 500 Sheets per Pack",13
"TOPS Carbonless Receipt Book, Four 2-3/4 x 7-1/4 Money Receipts per Page",25
"TOPS Money Receipt Book, Consecutively Numbered in Red,",11
"TOPS Voice Message Log Book, Flash Format",12
"TRENDnet 56K USB 2.0 Phone, Internet and Fax Modem",25
"Telephone Message Books with Fax/Mobile Section, 4 1/4"" x 6""",15
"Telephone Message Books with Fax/Mobile Section, 5 1/2"" x 3 3/16""",17
Telescoping Adjustable Floor Lamp,10
"Tenex ""The Solids"" Textured Chair Mats",26
"Tenex 46"" x 60"" Computer Anti-Static Chairmat, Rectangular Shaped",25
Tenex Antistatic Computer Chair Mats,25
Tenex B1-RE Series Chair Mats for Low Pile Carpets,23
"Tenex Carpeted, Granite-Look or Clear Contemporary Contour Shape Chair Mats",15
"Tenex Chairmat w/ Average Lip, 45"" x 53""",19
Tenex Chairmats For Use With Carpeted Floors,11
Tenex Chairmats For Use with Hard Floors,20
"Tenex Contemporary Contur Chairmats for Low and Medium Pile Carpet, Computer, 39"" x 49""",10
"Tenex File Box, Personal Filing Tote with Lid, Black",24
"Tenex Personal Filing Tote With Secure Closure Lid, Black/Frost",22
"Tenex Personal Project File with Scoop Front Design, Black",40
"Tenex Personal Self-Stacking Standard File Box, Black/Gray",15
"Tenex Traditional Chairmats for Hard Floors, Average Lip, 36"" x 48""",4
"Tenex Traditional Chairmats for Medium Pile Carpet, Standard Lip, 36"" x 48""",24
"Tenex V2T-RE Standard Weight Series Chair Mat, 45"" x 53"", Lip 25"" x 12""",7
Tennsco 16-Compartment Lockers with Coat Rack,13
Tennsco 6- and 18-Compartment Lockers,43
Tennsco Commercial Shelving,21
Tennsco Double-Tier Lockers,47
Tennsco Industrial Shelving,29
"Tennsco Lockers, Gray",22
"Tennsco Lockers, Sand",22
Tennsco Regal Shelving Units,18
Tennsco Single-Tier Lockers,28
"Tennsco Snap-Together Open Shelving Units, Starter Sets and Add-On Units",25
"Tennsco Stur-D-Stor Boltless Shelving, 5 Shelves, 24"" Deep, Sand",33
"Tensor ""Hersey Kiss"" Styled Floor Lamp",8
Tensor Brushed Steel Torchiere Floor Lamp,10
Tensor Computer Mounted Lamp,36
Tensor Track Tree Floor Lamp,17
Texas Instrument TI-15 Fraction Calculator,8
Texas Instruments TI-34 Scientific Calculator,12
Things To Do Today Pad,26
Things To Do Today Spiral Book,13
Tops Green Bar Computer Printout Paper,7
Tops White Computer Printout Paper,14
Tops Wirebound Message Log Books,25
Toshiba IPT2010-SD IPÂ Telephone,31
Translucent Push Pins by OIC,15
"Trav-L-File Heavy-Duty Shuttle II, Black",30
Trimflex Flexible Post Binders,21
Tripp Lite Isotel 6 Outlet Surge Protector with Fax/Modem Protection,27
Tripp Lite Isotel 8 Ultra 8 Outlet Metal Surge,16
Tripp Lite TLP810NET Broadband Surge for Modem/Fax,22
Tuf-Vin Binders,26
Tuff Stuff Recycled Round Ring Binders,23
Turquoise Lead Holder with Pocket Clip,6
"Tyvek  Top-Opening Peel & Seel  Envelopes, Gray",17
"Tyvek  Top-Opening Peel & Seel Envelopes, Plain White",24
"Tyvek Interoffice Envelopes, 9 1/2"" x 12 1/2"", 100/Box",16
Tyvek Side-Opening Peel & Seel Expanding Envelopes,14
Ultra Commercial Grade Dual Valve Door Closer,2
"Ultra Door Kickplate, 8""H x 34""W",10
Ultra Door Pull Handle,27
Ultra Door Push Plate,34
UniKeep View Case Binders,13
Universal Premium White Copier/Laser Paper (20Lb. and 87 Bright),24
"Universal Recycled Hanging Pressboard Report Binders, Letter Size",20
"Universal Ultra Bright White Copier/Laser Paper, 8 1/2"" x 11"", Ream",3
Unpadded Memo Slips,5
V7 USB Numeric Keypad,16
VTech DS6151,25
VariCap6 Expandable Binder,10
"Verbatim 25 GB 6x Blu-ray Single Layer Recordable Disc, 1/Pack",14
"Verbatim 25 GB 6x Blu-ray Single Layer Recordable Disc, 10/Pack",14
"Verbatim 25 GB 6x Blu-ray Single Layer Recordable Disc, 25/Pack",12
"Verbatim 25 GB 6x Blu-ray Single Layer Recordable Disc, 3/Pack",30
"Verbatim Slim CD and DVD Storage Cases, 50/Pack",8
"Vinyl Coated Wire Paper Clips in Organizer Box, 800/Box",29
Vinyl Sectional Post Binders,40
"Vtech AT&T CL2940 Corded Speakerphone, Black",3
Vtech CS6719,32
WD My Passport Ultra 1TB Portable External Hard Drive,17
WD My Passport Ultra 2TB Portable External Hard Drive,35
WD My Passport Ultra 500GB Portable External Hard Drive,12
Wasp CCD Handheld Bar Code Reader,3
Wausau Papers Astrobrights Colored Envelopes,9
Westinghouse Clip-On Gooseneck Lamps,38
"Westinghouse Floor Lamp with Metal Mesh Shade, Black",7
"Westinghouse Mesh Shade Clip-On Gooseneck Lamp, Black",6
Weyerhaeuser First Choice Laser/Copy Paper (20Lb. and 88 Bright),25
"While You Were Out Pads, 50 per Pad, 4 x 5 1/4, Green Cycle",13
"White Business Envelopes with Contemporary Seam, Recycled White Business Envelopes",34
White Computer Printout Paper by Universal,37
"White Dual Perf Computer Printout Paper, 2700 Sheets, 1 Part, Heavyweight, 20 lbs., 14 7/8 x 11",24
"White Envelopes, White Envelopes with Clear Poly Window",22
White GlueTop Scratch Pads,14
Wi-Ex zBoost YX540 Cellular Phone Signal Booster,19
Wilson Electronics DB Pro Signal Booster,32
"Wilson Jones 1"" Hanging DublLock Ring Binders",46
Wilson Jones 14 Line Acrylic Coated Pressboard Data Binders,23
Wilson Jones Active Use Binders,21
Wilson Jones Century Plastic Molded Ring Binders,48
"Wilson Jones Clip & Carry Folder Binder Tool for Ring Binders, Clear",47
Wilson Jones Custom Binder Spines & Labels,22
Wilson Jones DublLock D-Ring Binders,6
Wilson Jones Easy Flow II Sheet Lifters,49
"Wilson Jones Elliptical Ring 3 1/2"" Capacity Binders, 800 sheets",42
Wilson Jones Four-Pocket Poly Binders,17
Wilson Jones Hanging Recycled Pressboard Data Binders,4
"Wilson Jones Hanging View Binder, White, 1""",23
Wilson Jones Heavy-Duty Casebound Ring Binders with Metal Hinges,22
Wilson Jones Impact Binders,42
Wilson Jones International Size A4 Ring Binders,18
Wilson Jones Leather-Like Binders with DublLock Round Rings,46
"Wilson Jones Ledger-Size, Piano-Hinge Binder, 2"", Blue",47
Wilson Jones Legal Size Ring Binders,44
Wilson Jones Standard D-Ring Binders,26
Wilson Jones Suede Grain Vinyl Binders,8
Wilson Jones Turn Tabs Binder Tool for Ring Binders,59
Wilson Jones data.warehouse D-Ring Binders with DublLock,12
Wilson Jones âSnapâ Scratch Pad Binder Tool for Ring Binders,22
Wilson SignalBoost 841262 DB PRO Amplifier Kit,17
"Wirebound Four 2-3/4 x 5 Forms per Page, 400 Sets per Book",22
"Wirebound Message Book, 4 per Page",35
"Wirebound Message Books, 2 7/8"" x 5"", 3 Forms per Page",17
"Wirebound Message Books, 5-1/2 x 4 Forms, 2 or 4 Forms per Page",12
"Wirebound Message Books, Four 2 3/4 x 5 Forms per Page, 200 Sets per Book",26
"Wirebound Message Books, Four 2 3/4 x 5 White Forms per Page",34
"Wirebound Message Books, Four 2 3/4"" x 5"" Forms per Page, 600 Sets per Book",28
"Wirebound Message Books, Two 4 1/4"" x 5"" Forms per Page",15
"Wirebound Message Forms, Four 2 3/4 x 5 Forms per Page, Pink Paper",5
"Wirebound Service Call Books, 5 1/2"" x 4""",13
Wirebound Voice Message Log Book,4
Wireless Extenders zBoost YX545 SOHO Signal Booster,24
Woodgrain Magazine Files by Perma,24
X-Rack File for Hanging Folders,30
Xblue XB-1670-86 X16 SmallÂ Office TelephoneÂ - Titanium,5
Xerox 188,20
Xerox 1880,18
Xerox 1881,38
Xerox 1882,12
Xerox 1883,37
Xerox 1884,32
Xerox 1885,20
Xerox 1886,14
Xerox 1887,30
Xerox 1888,24
Xerox 1889,10
Xerox 189,19
Xerox 1890,5
Xerox 1891,30
Xerox 1892,5
Xerox 1893,39
Xerox 1894,27
Xerox 1895,33
Xerox 1896,5
Xerox 1897,16
Xerox 1898,46
Xerox 1899,14
Xerox 19,15
Xerox 190,6
Xerox 1900,26
Xerox 1901,4
Xerox 1902,4
Xerox 1903,24
Xerox 1905,23
Xerox 1906,32
Xerox 1907,10
Xerox 1908,32
Xerox 1909,40
Xerox 191,39
Xerox 1910,14
Xerox 1911,13
Xerox 1912,11
Xerox 1913,17
Xerox 1914,19
Xerox 1915,28
Xerox 1916,20
Xerox 1917,25
Xerox 1918,4
Xerox 1919,40
Xerox 192,22
Xerox 1920,15
Xerox 1921,7
Xerox 1922,3
Xerox 1923,16
Xerox 1924,12
Xerox 1925,18
Xerox 1926,7
Xerox 1927,18
Xerox 1928,26
Xerox 1929,16
Xerox 193,13
Xerox 1930,24
Xerox 1931,36
Xerox 1932,3
Xerox 1933,24
Xerox 1934,20
Xerox 1935,21
Xerox 1936,9
Xerox 1937,12
Xerox 1938,7
Xerox 1939,22
Xerox 194,9
Xerox 1940,12
Xerox 1941,19
Xerox 1942,13
Xerox 1943,16
Xerox 1944,16
Xerox 1945,45
Xerox 1946,13
Xerox 1947,25
Xerox 1948,15
Xerox 1949,28
Xerox 195,27
Xerox 1950,9
Xerox 1951,30
Xerox 1952,20
Xerox 1953,12
Xerox 1954,18
Xerox 1955,10
Xerox 1956,16
Xerox 1957,17
Xerox 1958,5
Xerox 1959,21
Xerox 196,18
Xerox 1960,32
Xerox 1962,28
Xerox 1963,17
Xerox 1964,33
Xerox 1965,10
Xerox 1966,14
Xerox 1967,15
Xerox 1968,26
Xerox 1969,2
Xerox 197,18
Xerox 1970,22
Xerox 1971,28
Xerox 1972,10
Xerox 1973,8
Xerox 1974,10
Xerox 1975,12
Xerox 1976,7
Xerox 1977,20
Xerox 1978,34
Xerox 1979,11
Xerox 198,16
Xerox 1980,8
Xerox 1981,14
Xerox 1982,12
Xerox 1983,5
Xerox 1984,2
Xerox 1985,5
Xerox 1986,13
Xerox 1987,16
Xerox 1988,41
Xerox 1989,2
Xerox 199,16
Xerox 1990,8
Xerox 1991,26
Xerox 1992,15
Xerox 1993,24
Xerox 1994,13
Xerox 1995,22
Xerox 1996,28
Xerox 1997,30
Xerox 1998,9
Xerox 1999,17
Xerox 2,25
Xerox 20,1
Xerox 200,15
Xerox 2000,14
Xerox 201,19
Xerox 202,28
Xerox 203,24
Xerox 204,17
Xerox 205,24
Xerox 206,11
Xerox 207,7
Xerox 208,9
Xerox 209,29
Xerox 21,24
Xerox 210,18
Xerox 211,19
Xerox 212,25
Xerox 213,18
Xerox 214,37
Xerox 215,7
Xerox 216,42
Xerox 217,25
Xerox 218,8
Xerox 219,15
Xerox 22,13
Xerox 220,25
Xerox 221,14
Xerox 222,22
Xerox 223,9
Xerox 224,17
Xerox 225,33
Xerox 226,53
Xerox 227,22
Xerox 228,15
Xerox 229,15
Xerox 23,23
Xerox 230,21
Xerox 231,14
Xerox 232,19
Xerox 4200 Series MultiUse Premium Copy Paper (20Lb. and 84 Bright),30
Xerox Blank Computer Paper,5
"Xerox Color Copier Paper, 11"" x 17"", Ream",27
Xerox WorkCentre 6505DN Laser Multifunction Printer,7
Xiaomi Mi3,4
"XtraLife ClearVue Slant-D Ring Binder, White, 3""",39
XtraLife ClearVue Slant-D Ring Binders by Cardinal,22
Zebra GK420t Direct Thermal/Thermal Transfer Printer,6
Zebra GX420t Direct Thermal/Thermal Transfer Printer,14
Zebra ZM400 Thermal Label Printer,6
Zebra Zazzle Fluorescent Highlighters,20
Zipper Ring Binder Pockets,44
i.Sound Portable Power - 8000 mAh,9
iHome FM Clock Radio with Lightning Dock,13
"iKross Bluetooth Portable Keyboard + Cell Phone Stand Holder + Brush for Apple iPhone 5S 5C 5, 4S 4",24
iOttie HLCRIO102 Car Mount,12
iOttie XL Car Mount,14
invisibleSHIELD by ZAGG Smudge-Free Screen Protector,29
netTALK DUO VoIP Telephone Service,26
